id,latitude,longitude,battery_level,captive,time_stamp
cca2e769-84a9-4cfb-a70e-637ab7c00e1c,34.411035999999996,-119.862256,72,False,1548504004
025f6dff-ba82-4fa5-a922-3144adb60827,34.4098693,-119.86942749999999,67,False,1548504004
34d46a82-935e-4b18-b1d1-fef7f6bbf301,34.41252833333333,-119.84497833333334,76,False,1548504004
4f58107b-9d52-4dca-8ef4-fd99e66d4ae4,34.412758333333336,-119.86348,74,False,1548504004
94e6dd01-ef46-4981-a1b4-01c9a8969afc,34.415981,-119.86226699999999,68,False,1548504004
cccc00c4-81d1-4200-9799-ff06b49a2c8d,34.41523963588701,-119.8624799308552,92,False,1548504004
0d6b5ea8-f847-454f-9ce3-49096109934d,34.41176666666667,-119.86176333333331,95,False,1548504004
79896885-1a57-47e9-98cf-2af51d539ea9,34.40999166666666,-119.86034333333332,63,False,1548504004
e8629f16-9633-4829-abbc-5833cff117d8,34.41375666666667,-119.86132833333336,41,False,1548504004
e97fddc6-f3b5-41f2-b3a5-d69a3ba931dc,34.41375666666667,-119.86132833333336,36,False,1548504004
706b5512-8122-4b0d-baae-f182af291049,34.40935833333333,-119.85920666666668,84,False,1548504004
819830f8-314a-494d-ba1f-5c4ccf813981,34.413776666666664,-119.86135166666666,67,False,1548504004
7eded6a1-d915-4f58-b904-4897ccae2bdc,34.41029666666667,-119.85167,79,False,1548504004
b7852468-0d44-41f3-8643-a067699f5b1b,34.411773,-119.85503700000001,65,False,1548504004
1441faa8-776a-4f7e-aa09-763d2557f214,34.413376,-119.86058,62,False,1548504004
55e6e2f9-1f82-4a15-853b-cf7a63e90f32,34.4132,-119.85221166666666,62,False,1548504004
f974f401-d645-4529-b4ed-1f8574f86a95,34.413077523963906,-119.85215174976723,55,False,1548504004
3fe49886-4a30-4b26-9bbf-ee6b2a5bb8a5,34.4146,-119.85533166666669,89,False,1548504004
5628c146-843e-4e47-8210-3ce583ad5f7a,34.41609166666667,-119.856475,51,False,1548504004
ef97ba2f-066d-40b5-ad3f-356b82b610d3,34.41609500000001,-119.85648333333332,46,False,1548504004
0e8abbb0-a7fa-44e2-b090-e8d76efe4960,34.4162365,-119.85538020000001,100,False,1548504004
8aeba92b-85a8-47bb-9964-fe6fc6c60c14,34.4127441,-119.8586,66,False,1548504004
736f77b8-472f-45d5-aa00-714bf6dbb157,34.41293449441762,-119.85512626591154,98,False,1548507604
34d46a82-935e-4b18-b1d1-fef7f6bbf301,34.41252833333333,-119.84497833333334,76,False,1548507604
b5f70b97-3cc7-49b5-b745-0c12eb0e1a0e,34.41455833333334,-119.865715,65,False,1548507604
7e151de6-14f1-4a4e-aea3-40e1064ce931,34.41300443376825,-119.86750437889236,98,False,1548507604
18d5b98d-95f9-47d0-b9c3-83d5e2332ec6,34.420700000000004,-119.86469333333336,61,False,1548507604
025f6dff-ba82-4fa5-a922-3144adb60827,34.4098693,-119.86942749999999,67,False,1548507604
8388e7a7-a239-476c-9ab9-445a649315a0,34.41413868189021,-119.87290036721471,67,False,1548507604
ee85c6c9-8e8e-4218-b2c7-a287f31d7c65,34.41374229270444,-119.85621177602545,71,False,1548507604
ca92953c-e893-41ca-a222-a43ce239dd27,34.410543304771835,-119.8637564764362,75,False,1548507604
b7852468-0d44-41f3-8643-a067699f5b1b,34.411745,-119.855108,65,False,1548507604
b97e6672-6bd3-463a-9be7-7dc58b52420c,34.41373833333333,-119.86125166666667,80,False,1548507604
706b5512-8122-4b0d-baae-f182af291049,34.40932833333333,-119.85921499999999,84,False,1548507604
819830f8-314a-494d-ba1f-5c4ccf813981,34.41377333333333,-119.86132833333336,66,False,1548507604
0171d928-e791-457d-8453-d013d62983d0,34.41207928120569,-119.85541750688091,100,False,1548507604
e8629f16-9633-4829-abbc-5833cff117d8,34.41372,-119.86134333333332,40,False,1548507604
8713ce91-9619-41d3-b033-8fe40972fbfa,34.41373833333333,-119.86135166666666,69,False,1548507604
8368926b-fbab-4cb6-a029-90dd635ab68a,34.41378125208212,-119.86135750259493,96,False,1548507604
fd00099e-918d-43e4-abb9-73ed70c6685b,34.41338,-119.861245,46,False,1548507604
79896885-1a57-47e9-98cf-2af51d539ea9,34.41002666666667,-119.86025166666668,62,False,1548507604
0d6b5ea8-f847-454f-9ce3-49096109934d,34.41176166666666,-119.86176333333331,95,False,1548507604
7af68079-b788-4f86-87ee-fe2fce5077e9,34.415452404729656,-119.86171737052116,100,False,1548507604
cca2e769-84a9-4cfb-a70e-637ab7c00e1c,34.410994,-119.86215700000001,72,False,1548507604
94e6dd01-ef46-4981-a1b4-01c9a8969afc,34.415904,-119.862126,68,False,1548507604
cccc00c4-81d1-4200-9799-ff06b49a2c8d,34.41523963588701,-119.8624799308552,92,False,1548507604
68bf503b-949b-4cf4-bf98-0d1d26fff22a,34.411805570157625,-119.86311494383949,94,False,1548507604
4f58107b-9d52-4dca-8ef4-fd99e66d4ae4,34.41272333333333,-119.86348,74,False,1548507604
5309bb7c-b6e9-4cb1-be87-301672b6dff0,34.413315000000004,-119.861787,57,False,1548507604
1441faa8-776a-4f7e-aa09-763d2557f214,34.413235,-119.86066799999999,62,False,1548507604
db93d303-8686-4efc-aa7f-819124c9ac12,34.41373833333333,-119.86133500000001,71,False,1548507604
53ea41dc-1a88-4644-849e-ba104cbcbbca,34.4172986,-119.8543301,68,False,1548507604
3fe49886-4a30-4b26-9bbf-ee6b2a5bb8a5,34.41457666666667,-119.85534666666666,89,False,1548507604
e2f43b3f-3184-462a-9a64-77c9a0e88f16,34.416740000000004,-119.85826833333334,71,False,1548507604
f974f401-d645-4529-b4ed-1f8574f86a95,34.413077523963906,-119.85215174976723,55,False,1548507604
8aeba92b-85a8-47bb-9964-fe6fc6c60c14,34.4127441,-119.8586,66,False,1548507604
ef97ba2f-066d-40b5-ad3f-356b82b610d3,34.41605833333333,-119.85646000000001,45,False,1548507604
5628c146-843e-4e47-8210-3ce583ad5f7a,34.416084999999995,-119.856475,49,False,1548507604
0e8abbb0-a7fa-44e2-b090-e8d76efe4960,34.4162365,-119.85538020000001,100,False,1548507604
55e6e2f9-1f82-4a15-853b-cf7a63e90f32,34.41317333333333,-119.85223333333332,61,False,1548507604
7eded6a1-d915-4f58-b904-4897ccae2bdc,34.41021333333333,-119.85159333333334,78,False,1548507604
cccc00c4-81d1-4200-9799-ff06b49a2c8d,34.41523963588701,-119.8624799308552,92,False,1548511204
94e6dd01-ef46-4981-a1b4-01c9a8969afc,34.415781,-119.86215200000001,68,False,1548511204
cca2e769-84a9-4cfb-a70e-637ab7c00e1c,34.41089,-119.862182,72,False,1548511204
7af68079-b788-4f86-87ee-fe2fce5077e9,34.415452404729656,-119.86171737052116,100,False,1548511204
0d6b5ea8-f847-454f-9ce3-49096109934d,34.41175833333333,-119.86176333333331,94,False,1548511204
5309bb7c-b6e9-4cb1-be87-301672b6dff0,34.413197,-119.86174399999999,57,False,1548511204
79896885-1a57-47e9-98cf-2af51d539ea9,34.409985,-119.86031333333334,60,False,1548511204
8368926b-fbab-4cb6-a029-90dd635ab68a,34.41378125208212,-119.86135750259493,96,False,1548511204
819830f8-314a-494d-ba1f-5c4ccf813981,34.41374666666666,-119.86134333333332,65,False,1548511204
8713ce91-9619-41d3-b033-8fe40972fbfa,34.41372666666667,-119.86131999999999,68,False,1548511204
706b5512-8122-4b0d-baae-f182af291049,34.40933666666667,-119.85922166666666,83,False,1548511204
db93d303-8686-4efc-aa7f-819124c9ac12,34.41371166666667,-119.86129,69,False,1548511204
b97e6672-6bd3-463a-9be7-7dc58b52420c,34.41374666666666,-119.86126666666664,80,False,1548511204
ef97ba2f-066d-40b5-ad3f-356b82b610d3,34.41609500000001,-119.85644499999998,45,False,1548511204
fd00099e-918d-43e4-abb9-73ed70c6685b,34.41340333333333,-119.861245,44,False,1548511204
e2f43b3f-3184-462a-9a64-77c9a0e88f16,34.41676333333333,-119.85826833333334,69,False,1548511204
1441faa8-776a-4f7e-aa09-763d2557f214,34.413264,-119.860611,62,False,1548511204
53ea41dc-1a88-4644-849e-ba104cbcbbca,34.4172986,-119.8543301,68,False,1548511204
f974f401-d645-4529-b4ed-1f8574f86a95,34.413077523963906,-119.85215174976723,55,False,1548511204
0e8abbb0-a7fa-44e2-b090-e8d76efe4960,34.4162365,-119.85538020000001,100,False,1548511204
68bf503b-949b-4cf4-bf98-0d1d26fff22a,34.411805570157625,-119.86311494383949,94,False,1548511204
7eded6a1-d915-4f58-b904-4897ccae2bdc,34.41021666666666,-119.85157,77,False,1548511204
ca92953c-e893-41ca-a222-a43ce239dd27,34.410543304771835,-119.8637564764362,75,False,1548511204
736f77b8-472f-45d5-aa00-714bf6dbb157,34.41293449441762,-119.85512626591154,98,False,1548511204
ee85c6c9-8e8e-4218-b2c7-a287f31d7c65,34.41374229270444,-119.85621177602545,71,False,1548511204
0171d928-e791-457d-8453-d013d62983d0,34.41207928120569,-119.85541750688091,100,False,1548511204
3fe49886-4a30-4b26-9bbf-ee6b2a5bb8a5,34.41457333333334,-119.85534666666666,88,False,1548511204
b7852468-0d44-41f3-8643-a067699f5b1b,34.411609999999996,-119.85498700000001,65,False,1548511204
55e6e2f9-1f82-4a15-853b-cf7a63e90f32,34.41318166666667,-119.85222666666664,60,False,1548511204
5628c146-843e-4e47-8210-3ce583ad5f7a,34.41607666666666,-119.85648333333332,49,False,1548511204
8388e7a7-a239-476c-9ab9-445a649315a0,34.41413868189021,-119.87290036721471,67,False,1548511204
4f58107b-9d52-4dca-8ef4-fd99e66d4ae4,34.41272333333333,-119.86348,73,False,1548511204
025f6dff-ba82-4fa5-a922-3144adb60827,34.4098693,-119.86942749999999,67,False,1548511204
7e151de6-14f1-4a4e-aea3-40e1064ce931,34.41300443376825,-119.86750437889236,98,False,1548511204
b5f70b97-3cc7-49b5-b745-0c12eb0e1a0e,34.41455833333334,-119.865715,65,False,1548511204
34d46a82-935e-4b18-b1d1-fef7f6bbf301,34.41252833333333,-119.84497833333334,75,False,1548511204
eca85842-1da0-4120-ba21-9f061e7febf6,34.41724833333333,-119.86371666666668,99,False,1548511204
6e0a7ce4-1738-48c3-a549-f54211eaf69f,34.417255,-119.86370833333334,99,False,1548511204
fe3e0702-ca77-43f7-a4da-74e2d25af56a,34.417258399999994,-119.86370430000001,77,False,1548511204
5dcc4f6f-2f1d-43ce-a3fd-70207cfe3da6,34.41723666666667,-119.86371666666668,99,False,1548511204
bd56588e-67cd-4ebd-823e-d02fe7db00fd,34.41724,-119.86370833333334,99,False,1548511204
18d5b98d-95f9-47d0-b9c3-83d5e2332ec6,34.42068500000001,-119.86467666666668,59,False,1548511204
8aeba92b-85a8-47bb-9964-fe6fc6c60c14,34.4127441,-119.8586,66,False,1548511204
025f6dff-ba82-4fa5-a922-3144adb60827,34.4098693,-119.86942749999999,67,False,1548514804
8388e7a7-a239-476c-9ab9-445a649315a0,34.41413868189021,-119.87290036721471,67,False,1548514804
736f77b8-472f-45d5-aa00-714bf6dbb157,34.41293449441762,-119.85512626591154,98,False,1548514804
114e88b1-39da-4f95-b5f4-cfd4d17dacb4,34.411575,-119.85713166666667,100,False,1548514804
9ee3d2a4-b78d-4f39-80a8-e24d52c5305f,34.4112765,-119.8570936,64,False,1548514804
55e6e2f9-1f82-4a15-853b-cf7a63e90f32,34.41325333333334,-119.85224833333332,59,False,1548514804
f974f401-d645-4529-b4ed-1f8574f86a95,34.413077523963906,-119.85215174976723,55,False,1548514804
8aeba92b-85a8-47bb-9964-fe6fc6c60c14,34.4127441,-119.8586,66,False,1548514804
79896885-1a57-47e9-98cf-2af51d539ea9,34.41001833333333,-119.86025166666668,59,False,1548514804
b97e6672-6bd3-463a-9be7-7dc58b52420c,34.413715,-119.86139666666668,80,False,1548514804
819830f8-314a-494d-ba1f-5c4ccf813981,34.41380333333333,-119.86137333333332,65,False,1548514804
db93d303-8686-4efc-aa7f-819124c9ac12,34.41375,-119.86138166666666,69,False,1548514804
68631434-c55a-46c4-abe1-54a38bf8f846,34.41158666666667,-119.85713166666667,98,False,1548514804
8368926b-fbab-4cb6-a029-90dd635ab68a,34.41378125208212,-119.86135750259493,96,False,1548514804
706b5512-8122-4b0d-baae-f182af291049,34.40934833333333,-119.85921499999999,83,False,1548514804
fd00099e-918d-43e4-abb9-73ed70c6685b,34.41362,-119.86106833333334,43,False,1548514804
e2f43b3f-3184-462a-9a64-77c9a0e88f16,34.416825,-119.85830666666668,68,False,1548514804
1441faa8-776a-4f7e-aa09-763d2557f214,34.413371999999995,-119.86065900000001,62,False,1548514804
7eded6a1-d915-4f58-b904-4897ccae2bdc,34.41018666666666,-119.8516,76,False,1548514804
53ea41dc-1a88-4644-849e-ba104cbcbbca,34.4172986,-119.8543301,68,False,1548514804
0e8abbb0-a7fa-44e2-b090-e8d76efe4960,34.4162365,-119.85538020000001,100,False,1548514804
ef97ba2f-066d-40b5-ad3f-356b82b610d3,34.416084999999995,-119.85646000000001,45,False,1548514804
5628c146-843e-4e47-8210-3ce583ad5f7a,34.41609500000001,-119.85649166666666,49,False,1548514804
8713ce91-9619-41d3-b033-8fe40972fbfa,34.41378333333333,-119.86132833333336,68,False,1548514804
5309bb7c-b6e9-4cb1-be87-301672b6dff0,34.413235,-119.861797,57,False,1548514804
95497536-67a3-424a-845f-c5de9cd1ad5f,34.41158333333333,-119.857155,96,False,1548514804
7af68079-b788-4f86-87ee-fe2fce5077e9,34.415452404729656,-119.86171737052116,100,False,1548514804
ee85c6c9-8e8e-4218-b2c7-a287f31d7c65,34.41374229270444,-119.85621177602545,71,False,1548514804
0171d928-e791-457d-8453-d013d62983d0,34.41207928120569,-119.85541750688091,100,False,1548514804
b7852468-0d44-41f3-8643-a067699f5b1b,34.411809999999996,-119.855028,64,False,1548514804
3fe49886-4a30-4b26-9bbf-ee6b2a5bb8a5,34.41457333333334,-119.855355,87,False,1548514804
48924ae6-7979-4e6d-9a64-7cf2f7a476c1,34.411590000000004,-119.85713166666667,100,False,1548514804
18d5b98d-95f9-47d0-b9c3-83d5e2332ec6,34.42068833333334,-119.86467666666668,58,False,1548514804
7e151de6-14f1-4a4e-aea3-40e1064ce931,34.41300443376825,-119.86750437889236,98,False,1548514804
0d6b5ea8-f847-454f-9ce3-49096109934d,34.41175833333333,-119.86176333333331,93,False,1548514804
34d46a82-935e-4b18-b1d1-fef7f6bbf301,34.41252833333333,-119.84497833333334,74,False,1548514804
6e0a7ce4-1738-48c3-a549-f54211eaf69f,34.41728666666667,-119.86372333333333,98,False,1548514804
b5f70b97-3cc7-49b5-b745-0c12eb0e1a0e,34.41455833333334,-119.865715,65,False,1548514804
eca85842-1da0-4120-ba21-9f061e7febf6,34.41726333333334,-119.86372333333333,98,False,1548514804
bd56588e-67cd-4ebd-823e-d02fe7db00fd,34.41726000000001,-119.86371666666668,98,False,1548514804
fe3e0702-ca77-43f7-a4da-74e2d25af56a,34.417258399999994,-119.86370430000001,77,False,1548514804
ca92953c-e893-41ca-a222-a43ce239dd27,34.410543304771835,-119.8637564764362,75,False,1548514804
4f58107b-9d52-4dca-8ef4-fd99e66d4ae4,34.412731666666666,-119.86348,72,False,1548514804
68bf503b-949b-4cf4-bf98-0d1d26fff22a,34.411805570157625,-119.86311494383949,94,False,1548514804
cccc00c4-81d1-4200-9799-ff06b49a2c8d,34.41523963588701,-119.8624799308552,92,False,1548514804
94e6dd01-ef46-4981-a1b4-01c9a8969afc,34.415836999999996,-119.862154,68,False,1548514804
5dcc4f6f-2f1d-43ce-a3fd-70207cfe3da6,34.41726333333334,-119.86372333333333,98,False,1548514804
cca2e769-84a9-4cfb-a70e-637ab7c00e1c,34.411051,-119.862232,72,False,1548514804
fe3e0702-ca77-43f7-a4da-74e2d25af56a,34.417258399999994,-119.86370430000001,77,False,1548518404
5dcc4f6f-2f1d-43ce-a3fd-70207cfe3da6,34.41727,-119.86371666666668,97,False,1548518404
eca85842-1da0-4120-ba21-9f061e7febf6,34.417275000000004,-119.86373166666664,97,False,1548518404
001f2b72-7d54-45ac-a7fb-a2f4f5c89472,34.414555,-119.86427333333334,100,False,1548518404
7e2d8536-cbb2-4e73-b2e4-09ab0485fdb1,34.413575,-119.86562333333336,73,False,1548518404
34d46a82-935e-4b18-b1d1-fef7f6bbf301,34.41252833333333,-119.84497833333334,74,False,1548518404
bd56588e-67cd-4ebd-823e-d02fe7db00fd,34.417275000000004,-119.86373166666664,97,False,1548518404
249ba721-4591-427e-8bf8-e732a4e04274,34.414546666666666,-119.86426499999999,100,False,1548518404
cccc00c4-81d1-4200-9799-ff06b49a2c8d,34.41523963588701,-119.8624799308552,92,False,1548518404
ae6de769-0325-47d3-8821-296aeebcb7e0,34.414406,-119.864202,100,False,1548518404
736f77b8-472f-45d5-aa00-714bf6dbb157,34.41293449441762,-119.85512626591154,98,False,1548518404
ee85c6c9-8e8e-4218-b2c7-a287f31d7c65,34.41374229270444,-119.85621177602545,71,False,1548518404
0171d928-e791-457d-8453-d013d62983d0,34.41207928120569,-119.85541750688091,100,False,1548518404
b7852468-0d44-41f3-8643-a067699f5b1b,34.41186,-119.85503600000001,64,False,1548518404
3fe49886-4a30-4b26-9bbf-ee6b2a5bb8a5,34.41457666666667,-119.855355,87,False,1548518404
68631434-c55a-46c4-abe1-54a38bf8f846,34.411590000000004,-119.85713166666667,96,False,1548518404
114e88b1-39da-4f95-b5f4-cfd4d17dacb4,34.411575,-119.85713166666667,100,False,1548518404
95497536-67a3-424a-845f-c5de9cd1ad5f,34.41158666666667,-119.85716166666668,95,False,1548518404
9ee3d2a4-b78d-4f39-80a8-e24d52c5305f,34.4112765,-119.8570936,64,False,1548518404
55e6e2f9-1f82-4a15-853b-cf7a63e90f32,34.41325333333334,-119.85221833333333,58,False,1548518404
f974f401-d645-4529-b4ed-1f8574f86a95,34.413077523963906,-119.85215174976723,55,False,1548518404
8aeba92b-85a8-47bb-9964-fe6fc6c60c14,34.4127441,-119.8586,66,False,1548518404
5628c146-843e-4e47-8210-3ce583ad5f7a,34.4161,-119.85648333333332,49,False,1548518404
0e8abbb0-a7fa-44e2-b090-e8d76efe4960,34.4162365,-119.85538020000001,100,False,1548518404
ef97ba2f-066d-40b5-ad3f-356b82b610d3,34.41612166666666,-119.85646833333334,44,False,1548518404
f310a841-240a-4d41-93dd-95212092da51,34.409485000000004,-119.8564,100,False,1548518404
52400d09-097c-4446-9e99-bfd46284dfcd,34.40947666666667,-119.8564,100,False,1548518404
831a2d28-e256-4d1d-9039-0c01fe5aff46,34.413295,-119.85531666666664,86,False,1548518404
e6766a36-451c-4c51-b0c9-432072343c0e,34.41453166666667,-119.86425,100,False,1548518404
7eded6a1-d915-4f58-b904-4897ccae2bdc,34.410225,-119.8516,75,False,1548518404
1441faa8-776a-4f7e-aa09-763d2557f214,34.413317,-119.86073,62,False,1548518404
88515a93-44a5-4037-a9f3-2155db1911fb,34.414437,-119.86416100000001,100,False,1548518404
4f58107b-9d52-4dca-8ef4-fd99e66d4ae4,34.412735,-119.86348,72,False,1548518404
68bf503b-949b-4cf4-bf98-0d1d26fff22a,34.411805570157625,-119.86311494383949,94,False,1548518404
94e6dd01-ef46-4981-a1b4-01c9a8969afc,34.415986,-119.86226299999998,68,False,1548518404
b5f70b97-3cc7-49b5-b745-0c12eb0e1a0e,34.41455833333334,-119.865715,65,False,1548518404
cca2e769-84a9-4cfb-a70e-637ab7c00e1c,34.41107,-119.862249,72,False,1548518404
819830f8-314a-494d-ba1f-5c4ccf813981,34.41323833333333,-119.862365,64,False,1548518404
7af68079-b788-4f86-87ee-fe2fce5077e9,34.415452404729656,-119.86171737052116,100,False,1548518404
db93d303-8686-4efc-aa7f-819124c9ac12,34.413273333333336,-119.86232,68,False,1548518404
b97e6672-6bd3-463a-9be7-7dc58b52420c,34.413356666666665,-119.86231166666668,80,False,1548518404
8713ce91-9619-41d3-b033-8fe40972fbfa,34.41323833333333,-119.86230500000002,67,False,1548518404
0d6b5ea8-f847-454f-9ce3-49096109934d,34.41178166666667,-119.86176333333331,92,False,1548518404
5309bb7c-b6e9-4cb1-be87-301672b6dff0,34.413272,-119.861818,56,False,1548518404
8368926b-fbab-4cb6-a029-90dd635ab68a,34.41378125208212,-119.86135750259493,72,False,1548518404
706b5512-8122-4b0d-baae-f182af291049,34.40933666666667,-119.85923000000001,82,False,1548518404
fd00099e-918d-43e4-abb9-73ed70c6685b,34.41359333333333,-119.86105333333334,42,False,1548518404
e2f43b3f-3184-462a-9a64-77c9a0e88f16,34.41681666666667,-119.8583,68,False,1548518404
53ea41dc-1a88-4644-849e-ba104cbcbbca,34.4172986,-119.8543301,68,False,1548518404
7e151de6-14f1-4a4e-aea3-40e1064ce931,34.41300443376825,-119.86750437889236,98,False,1548518404
2c565743-b0ff-40d8-bfa3-19cbdf146fea,34.409433,-119.85635,100,False,1548518404
025f6dff-ba82-4fa5-a922-3144adb60827,34.4098693,-119.86942749999999,67,False,1548518404
f207c027-e568-4b38-9463-c1cf476d4fd3,34.409470000000006,-119.85640666666669,100,False,1548518404
18d5b98d-95f9-47d0-b9c3-83d5e2332ec6,34.42068833333334,-119.86466166666666,57,False,1548518404
8388e7a7-a239-476c-9ab9-445a649315a0,34.41413868189021,-119.87290036721471,67,False,1548518404
fe0753a6-0802-4111-b99e-a05b7e140fdd,34.4172809,-119.8568774,31,False,1548522004
8368926b-fbab-4cb6-a029-90dd635ab68a,34.41378125208212,-119.86135750259493,72,False,1548522004
706b5512-8122-4b0d-baae-f182af291049,34.40934833333333,-119.85923833333332,81,False,1548522004
831a2d28-e256-4d1d-9039-0c01fe5aff46,34.4133,-119.85532333333336,86,False,1548522004
736f77b8-472f-45d5-aa00-714bf6dbb157,34.41293449441762,-119.85512626591154,98,False,1548522004
ee85c6c9-8e8e-4218-b2c7-a287f31d7c65,34.41374229270444,-119.85621177602545,71,False,1548522004
0171d928-e791-457d-8453-d013d62983d0,34.41207928120569,-119.85541750688091,100,False,1548522004
3fe49886-4a30-4b26-9bbf-ee6b2a5bb8a5,34.414584999999995,-119.85533833333332,86,False,1548522004
68631434-c55a-46c4-abe1-54a38bf8f846,34.41157833333333,-119.857125,95,False,1548522004
114e88b1-39da-4f95-b5f4-cfd4d17dacb4,34.41157833333333,-119.85713166666667,100,False,1548522004
95497536-67a3-424a-845f-c5de9cd1ad5f,34.411575,-119.857155,93,False,1548522004
1441faa8-776a-4f7e-aa09-763d2557f214,34.413362,-119.860681,62,False,1548522004
9ee3d2a4-b78d-4f39-80a8-e24d52c5305f,34.4112765,-119.8570936,64,False,1548522004
5309bb7c-b6e9-4cb1-be87-301672b6dff0,34.413301000000004,-119.86179399999999,56,False,1548522004
8aeba92b-85a8-47bb-9964-fe6fc6c60c14,34.4127441,-119.8586,66,False,1548522004
ff55cda8-22c9-45ad-a3c8-f3f58ca10765,34.41606833333333,-119.85650666666668,18,False,1548522004
ef97ba2f-066d-40b5-ad3f-356b82b610d3,34.41608833333333,-119.85648333333332,44,False,1548522004
5628c146-843e-4e47-8210-3ce583ad5f7a,34.41608833333333,-119.85649166666666,49,False,1548522004
0e8abbb0-a7fa-44e2-b090-e8d76efe4960,34.4162365,-119.85538020000001,100,False,1548522004
f310a841-240a-4d41-93dd-95212092da51,34.40947666666667,-119.85643833333332,100,False,1548522004
f207c027-e568-4b38-9463-c1cf476d4fd3,34.409455,-119.85640666666669,100,False,1548522004
52400d09-097c-4446-9e99-bfd46284dfcd,34.40945,-119.85642166666666,99,False,1548522004
7eded6a1-d915-4f58-b904-4897ccae2bdc,34.410225,-119.85157,74,False,1548522004
53ea41dc-1a88-4644-849e-ba104cbcbbca,34.4172986,-119.8543301,68,False,1548522004
55e6e2f9-1f82-4a15-853b-cf7a63e90f32,34.41322,-119.85224166666669,57,False,1548522004
f974f401-d645-4529-b4ed-1f8574f86a95,34.413077523963906,-119.85215174976723,55,False,1548522004
5dbeacf8-5d86-4f1d-a631-656fc541ab0b,34.415544064017986,-119.86165621960892,100,False,1548522004
cca2e769-84a9-4cfb-a70e-637ab7c00e1c,34.411045,-119.862379,72,False,1548522004
8388e7a7-a239-476c-9ab9-445a649315a0,34.41413868189021,-119.87290036721471,67,False,1548522004
025f6dff-ba82-4fa5-a922-3144adb60827,34.4098693,-119.86942749999999,67,False,1548522004
18d5b98d-95f9-47d0-b9c3-83d5e2332ec6,34.42068500000001,-119.86467,56,False,1548522004
7e151de6-14f1-4a4e-aea3-40e1064ce931,34.41300443376825,-119.86750437889236,98,False,1548522004
8713ce91-9619-41d3-b033-8fe40972fbfa,34.41466833333333,-119.86578333333334,66,False,1548522004
db93d303-8686-4efc-aa7f-819124c9ac12,34.41466166666667,-119.86577666666666,67,False,1548522004
819830f8-314a-494d-ba1f-5c4ccf813981,34.41466833333333,-119.86575333333332,64,False,1548522004
c5e42730-81b5-45f0-bb67-45011945a8a3,34.41463833333333,-119.86575333333332,87,False,1548522004
b5f70b97-3cc7-49b5-b745-0c12eb0e1a0e,34.41455833333334,-119.865715,65,False,1548522004
34d46a82-935e-4b18-b1d1-fef7f6bbf301,34.41252833333333,-119.84497833333334,73,False,1548522004
7e2d8536-cbb2-4e73-b2e4-09ab0485fdb1,34.41355833333333,-119.86561666666668,73,False,1548522004
eca85842-1da0-4120-ba21-9f061e7febf6,34.41730166666667,-119.86372333333333,96,False,1548522004
0d6b5ea8-f847-454f-9ce3-49096109934d,34.41178166666667,-119.86176999999999,91,False,1548522004
bd56588e-67cd-4ebd-823e-d02fe7db00fd,34.41728666666667,-119.86373166666664,95,False,1548522004
fe3e0702-ca77-43f7-a4da-74e2d25af56a,34.417258399999994,-119.86370430000001,77,False,1548522004
001f2b72-7d54-45ac-a7fb-a2f4f5c89472,34.41448666666667,-119.86427333333334,100,False,1548522004
e6766a36-451c-4c51-b0c9-432072343c0e,34.414501666666666,-119.86426499999999,100,False,1548522004
249ba721-4591-427e-8bf8-e732a4e04274,34.41449,-119.86425833333332,100,False,1548522004
88515a93-44a5-4037-a9f3-2155db1911fb,34.414398999999996,-119.864274,100,False,1548522004
ae6de769-0325-47d3-8821-296aeebcb7e0,34.414295,-119.864253,100,False,1548522004
4f58107b-9d52-4dca-8ef4-fd99e66d4ae4,34.41274333333333,-119.86348666666666,71,False,1548522004
68bf503b-949b-4cf4-bf98-0d1d26fff22a,34.411805570157625,-119.86311494383949,94,False,1548522004
53bcaf76-7ffa-45da-8d27-994ae44ddc81,34.41517,-119.86274099999999,100,False,1548522004
b97e6672-6bd3-463a-9be7-7dc58b52420c,34.41428333333333,-119.86297666666664,80,False,1548522004
94e6dd01-ef46-4981-a1b4-01c9a8969afc,34.415919,-119.86228799999999,67,False,1548522004
cccc00c4-81d1-4200-9799-ff06b49a2c8d,34.41523963588701,-119.8624799308552,92,False,1548522004
5dcc4f6f-2f1d-43ce-a3fd-70207cfe3da6,34.41728166666667,-119.86371666666668,97,False,1548522004
b7852468-0d44-41f3-8643-a067699f5b1b,34.411868,-119.855033,63,False,1548522004
fd00099e-918d-43e4-abb9-73ed70c6685b,34.41359666666666,-119.86104666666668,41,False,1548522004
e2f43b3f-3184-462a-9a64-77c9a0e88f16,34.416801666666665,-119.85830666666668,67,False,1548522004
34d46a82-935e-4b18-b1d1-fef7f6bbf301,34.41252833333333,-119.84497833333334,73,False,1548525604
bd56588e-67cd-4ebd-823e-d02fe7db00fd,34.41287166666667,-119.86769833333334,94,False,1548525604
18d5b98d-95f9-47d0-b9c3-83d5e2332ec6,34.42068500000001,-119.86467,55,False,1548525604
025f6dff-ba82-4fa5-a922-3144adb60827,34.4098693,-119.86942749999999,67,False,1548525604
8388e7a7-a239-476c-9ab9-445a649315a0,34.41413868189021,-119.87290036721471,67,False,1548525604
cccc00c4-81d1-4200-9799-ff06b49a2c8d,34.41523963588701,-119.8624799308552,92,False,1548525604
5dbeacf8-5d86-4f1d-a631-656fc541ab0b,34.415544064017986,-119.86165621960892,100,False,1548525604
0d6b5ea8-f847-454f-9ce3-49096109934d,34.41176666666667,-119.86176999999999,91,False,1548525604
5309bb7c-b6e9-4cb1-be87-301672b6dff0,34.413312,-119.861857,56,False,1548525604
8368926b-fbab-4cb6-a029-90dd635ab68a,34.41378125208212,-119.86135750259493,72,False,1548525604
706b5512-8122-4b0d-baae-f182af291049,34.409351666666666,-119.85923000000001,81,False,1548525604
fd00099e-918d-43e4-abb9-73ed70c6685b,34.413578333333334,-119.86103,40,False,1548525604
1441faa8-776a-4f7e-aa09-763d2557f214,34.413382,-119.86068700000001,61,False,1548525604
fe0753a6-0802-4111-b99e-a05b7e140fdd,34.4172809,-119.8568774,31,False,1548525604
eca85842-1da0-4120-ba21-9f061e7febf6,34.41288333333333,-119.86768333333332,94,False,1548525604
5dcc4f6f-2f1d-43ce-a3fd-70207cfe3da6,34.412835,-119.86766,96,False,1548525604
7e151de6-14f1-4a4e-aea3-40e1064ce931,34.41300443376825,-119.86750437889236,98,False,1548525604
8713ce91-9619-41d3-b033-8fe40972fbfa,34.41466833333333,-119.86578333333334,65,False,1548525604
4f58107b-9d52-4dca-8ef4-fd99e66d4ae4,34.412731666666666,-119.863495,71,False,1548525604
ae6de769-0325-47d3-8821-296aeebcb7e0,34.414377,-119.86419599999999,100,False,1548525604
e6766a36-451c-4c51-b0c9-432072343c0e,34.41446333333333,-119.86429666666666,100,False,1548525604
88515a93-44a5-4037-a9f3-2155db1911fb,34.414474,-119.864297,100,False,1548525604
001f2b72-7d54-45ac-a7fb-a2f4f5c89472,34.41449,-119.86429666666666,100,False,1548525604
6ba4164d-e6fc-4618-aa35-f2e91c73de21,34.4127517282102,-119.86497619285039,100,False,1548525604
7e3cf821-6ea2-4cef-8cae-e8e857348f41,34.412728085329725,-119.86501918754621,100,False,1548525604
fe3e0702-ca77-43f7-a4da-74e2d25af56a,34.417258399999994,-119.86370430000001,77,False,1548525604
df1c41e9-5d65-4cef-8aa8-23d4b10ecdb0,34.40725,-119.84844166666666,93,False,1548525604
7e2d8536-cbb2-4e73-b2e4-09ab0485fdb1,34.413554999999995,-119.86562333333336,72,False,1548525604
94e6dd01-ef46-4981-a1b4-01c9a8969afc,34.415884000000005,-119.86225800000001,67,False,1548525604
b5f70b97-3cc7-49b5-b745-0c12eb0e1a0e,34.41455833333334,-119.865715,65,False,1548525604
819830f8-314a-494d-ba1f-5c4ccf813981,34.414635,-119.86575999999998,63,False,1548525604
c5e42730-81b5-45f0-bb67-45011945a8a3,34.41464666666666,-119.86575999999998,87,False,1548525604
db93d303-8686-4efc-aa7f-819124c9ac12,34.414665,-119.86578333333334,67,False,1548525604
e2f43b3f-3184-462a-9a64-77c9a0e88f16,34.416725,-119.85828333333332,67,False,1548525604
53ea41dc-1a88-4644-849e-ba104cbcbbca,34.4172986,-119.8543301,68,False,1548525604
7eded6a1-d915-4f58-b904-4897ccae2bdc,34.41023666666667,-119.85163166666668,73,False,1548525604
f207c027-e568-4b38-9463-c1cf476d4fd3,34.409455,-119.85640666666669,100,False,1548525604
68bf503b-949b-4cf4-bf98-0d1d26fff22a,34.411805570157625,-119.86311494383949,94,False,1548525604
736f77b8-472f-45d5-aa00-714bf6dbb157,34.41293449441762,-119.85512626591154,98,False,1548525604
ee85c6c9-8e8e-4218-b2c7-a287f31d7c65,34.41374229270444,-119.85621177602545,71,False,1548525604
0171d928-e791-457d-8453-d013d62983d0,34.41207928120569,-119.85541750688091,100,False,1548525604
b7852468-0d44-41f3-8643-a067699f5b1b,34.411815999999995,-119.855099,63,False,1548525604
3fe49886-4a30-4b26-9bbf-ee6b2a5bb8a5,34.41458166666666,-119.85537,86,False,1548525604
35783600-164d-46fb-b4e0-6faad4519520,34.411566392550625,-119.85712381090956,64,False,1548525604
114e88b1-39da-4f95-b5f4-cfd4d17dacb4,34.41157166666667,-119.85713166666667,99,False,1548525604
68631434-c55a-46c4-abe1-54a38bf8f846,34.41157166666667,-119.85713166666667,94,False,1548525604
831a2d28-e256-4d1d-9039-0c01fe5aff46,34.41328,-119.85532333333336,85,False,1548525604
55e6e2f9-1f82-4a15-853b-cf7a63e90f32,34.413205,-119.85225666666665,56,False,1548525604
95497536-67a3-424a-845f-c5de9cd1ad5f,34.41157833333333,-119.85716166666668,92,False,1548525604
f310a841-240a-4d41-93dd-95212092da51,34.40945833333333,-119.85640666666669,100,False,1548525604
0e8abbb0-a7fa-44e2-b090-e8d76efe4960,34.4162365,-119.85538020000001,100,False,1548525604
ef97ba2f-066d-40b5-ad3f-356b82b610d3,34.41608,-119.85649166666666,44,False,1548525604
b97e6672-6bd3-463a-9be7-7dc58b52420c,34.41428333333333,-119.86297666666664,80,False,1548525604
5628c146-843e-4e47-8210-3ce583ad5f7a,34.41603833333333,-119.85651333333333,48,False,1548525604
83b338b5-9a5a-4887-9e7d-f218be6b55a2,34.41276269968078,-119.85865551989514,66,False,1548525604
f974f401-d645-4529-b4ed-1f8574f86a95,34.413077523963906,-119.85215174976723,55,False,1548525604
ff55cda8-22c9-45ad-a3c8-f3f58ca10765,34.41607333333333,-119.85650666666668,18,False,1548525604
8388e7a7-a239-476c-9ab9-445a649315a0,34.41413868189021,-119.87290036721471,67,False,1548529204
025f6dff-ba82-4fa5-a922-3144adb60827,34.4098693,-119.86942749999999,67,False,1548529204
18d5b98d-95f9-47d0-b9c3-83d5e2332ec6,34.42068833333334,-119.86467,54,False,1548529204
4f58107b-9d52-4dca-8ef4-fd99e66d4ae4,34.412841666666665,-119.86756166666667,71,False,1548529204
eca85842-1da0-4120-ba21-9f061e7febf6,34.41285000000001,-119.86756166666667,93,False,1548529204
bd56588e-67cd-4ebd-823e-d02fe7db00fd,34.41280666666667,-119.86755333333332,93,False,1548529204
5dcc4f6f-2f1d-43ce-a3fd-70207cfe3da6,34.412841666666665,-119.86755333333332,95,False,1548529204
d414e287-1fc0-4f61-8690-97425c322449,34.417278333333336,-119.86608833333334,100,False,1548529204
fea556c5-c54c-4e7f-be8a-e94a29526893,34.41728166666667,-119.86607333333336,100,False,1548529204
900250bf-c8e3-449b-8f74-e61812f066bc,34.417268,-119.866076,100,False,1548529204
ee0d4ad8-7f9a-4ef1-8568-41b69a7b6c5c,34.417275000000004,-119.86605833333331,100,False,1548529204
4d90c909-fe43-4876-a3e9-0de779b5efec,34.41727409142481,-119.86605347145336,88,False,1548529204
9f6ad17f-a57e-47f0-82ea-80b7d7b944e4,34.41727,-119.86604333333337,100,False,1548529204
bd113e3f-9c40-4df8-b9d8-682c68560eb5,34.415546666666664,-119.84488666666668,82,False,1548529204
7e151de6-14f1-4a4e-aea3-40e1064ce931,34.41300443376825,-119.86750437889236,98,False,1548529204
e9515877-a3cf-4d5f-89b4-1218d190b32d,34.41729333333333,-119.86605,100,False,1548529204
736f77b8-472f-45d5-aa00-714bf6dbb157,34.41293449441762,-119.85512626591154,98,False,1548529204
8713ce91-9619-41d3-b033-8fe40972fbfa,34.414665,-119.86579833333332,65,False,1548529204
7eded6a1-d915-4f58-b904-4897ccae2bdc,34.41009833333333,-119.85157,73,False,1548529204
1441faa8-776a-4f7e-aa09-763d2557f214,34.41332,-119.86066699999999,61,False,1548529204
fe0753a6-0802-4111-b99e-a05b7e140fdd,34.4172809,-119.8568774,31,False,1548529204
53ea41dc-1a88-4644-849e-ba104cbcbbca,34.4172986,-119.8543301,68,False,1548529204
f207c027-e568-4b38-9463-c1cf476d4fd3,34.40947666666667,-119.856385,100,False,1548529204
f310a841-240a-4d41-93dd-95212092da51,34.409485000000004,-119.85640666666669,99,False,1548529204
0e8abbb0-a7fa-44e2-b090-e8d76efe4960,34.4162365,-119.85538020000001,100,False,1548529204
ef97ba2f-066d-40b5-ad3f-356b82b610d3,34.41608,-119.85648333333332,44,False,1548529204
5628c146-843e-4e47-8210-3ce583ad5f7a,34.41607333333333,-119.85646833333334,48,False,1548529204
ff55cda8-22c9-45ad-a3c8-f3f58ca10765,34.416065,-119.85649166666666,17,False,1548529204
f974f401-d645-4529-b4ed-1f8574f86a95,34.413077523963906,-119.85215174976723,55,False,1548529204
55e6e2f9-1f82-4a15-853b-cf7a63e90f32,34.4132,-119.85218833333332,55,False,1548529204
95497536-67a3-424a-845f-c5de9cd1ad5f,34.41157833333333,-119.857155,91,False,1548529204
114e88b1-39da-4f95-b5f4-cfd4d17dacb4,34.411559999999994,-119.857125,98,False,1548529204
31185d7c-d852-43c0-9f34-b08dace112ec,34.411624932144946,-119.8571135389108,64,False,1548529204
3fe49886-4a30-4b26-9bbf-ee6b2a5bb8a5,34.414608333333334,-119.85530166666668,85,False,1548529204
b7852468-0d44-41f3-8643-a067699f5b1b,34.411844,-119.85505900000001,62,False,1548529204
477f6795-1cdc-49fe-a39b-884d90a287e8,34.411876,-119.855351,93,False,1548529204
0171d928-e791-457d-8453-d013d62983d0,34.41207928120569,-119.85541750688091,100,False,1548529204
ee85c6c9-8e8e-4218-b2c7-a287f31d7c65,34.41374229270444,-119.85621177602545,71,False,1548529204
e5782db5-965f-4cfc-851a-dfdf459e99e7,34.41242666666667,-119.85514833333332,89,False,1548529204
e2f43b3f-3184-462a-9a64-77c9a0e88f16,34.41679,-119.85824666666667,66,False,1548529204
831a2d28-e256-4d1d-9039-0c01fe5aff46,34.41325,-119.85530166666668,85,False,1548529204
fd00099e-918d-43e4-abb9-73ed70c6685b,34.413575,-119.86106166666666,39,False,1548529204
8368926b-fbab-4cb6-a029-90dd635ab68a,34.41378125208212,-119.86135750259493,72,False,1548529204
c5e42730-81b5-45f0-bb67-45011945a8a3,34.41464166666666,-119.86575999999998,86,False,1548529204
819830f8-314a-494d-ba1f-5c4ccf813981,34.41465,-119.86575333333332,63,False,1548529204
db93d303-8686-4efc-aa7f-819124c9ac12,34.41459333333333,-119.86572333333334,66,False,1548529204
b5f70b97-3cc7-49b5-b745-0c12eb0e1a0e,34.41455833333334,-119.865715,65,False,1548529204
34d46a82-935e-4b18-b1d1-fef7f6bbf301,34.41252833333333,-119.84497833333334,72,False,1548529204
7e2d8536-cbb2-4e73-b2e4-09ab0485fdb1,34.41353166666667,-119.8656,72,False,1548529204
0b2fca34-6e8c-4457-a010-861c95e619a7,34.41008333333333,-119.86443333333334,87,False,1548529204
7e3cf821-6ea2-4cef-8cae-e8e857348f41,34.41271666666667,-119.86499833333332,100,False,1548529204
6ba4164d-e6fc-4618-aa35-f2e91c73de21,34.41273833333333,-119.86498999999999,100,False,1548529204
001f2b72-7d54-45ac-a7fb-a2f4f5c89472,34.414475,-119.86428000000001,100,False,1548529204
e6766a36-451c-4c51-b0c9-432072343c0e,34.41447,-119.86428000000001,100,False,1548529204
71d095ae-4daa-4532-bf61-5cc6531ecbde,34.41731333333333,-119.86281666666667,100,False,1548529204
148811fa-b29c-462e-abc3-42b8ccb18aa3,34.417222836086914,-119.86284395690994,100,False,1548529204
ae6de769-0325-47d3-8821-296aeebcb7e0,34.414414,-119.864195,100,False,1548529204
88515a93-44a5-4037-a9f3-2155db1911fb,34.414299,-119.86421599999998,100,False,1548529204
68bf503b-949b-4cf4-bf98-0d1d26fff22a,34.411805570157625,-119.86311494383949,94,False,1548529204
b97e6672-6bd3-463a-9be7-7dc58b52420c,34.41428333333333,-119.86297666666664,80,False,1548529204
94e6dd01-ef46-4981-a1b4-01c9a8969afc,34.415957,-119.86218400000001,67,False,1548529204
cccc00c4-81d1-4200-9799-ff06b49a2c8d,34.41523963588701,-119.8624799308552,92,False,1548529204
5dbeacf8-5d86-4f1d-a631-656fc541ab0b,34.415544064017986,-119.86165621960892,100,False,1548529204
5309bb7c-b6e9-4cb1-be87-301672b6dff0,34.413287,-119.86183500000001,56,False,1548529204
706b5512-8122-4b0d-baae-f182af291049,34.40933166666667,-119.85923000000001,80,False,1548529204
fe3e0702-ca77-43f7-a4da-74e2d25af56a,34.417258399999994,-119.86370430000001,77,False,1548529204
747e83eb-e153-46fa-a724-e41ecf91f1de,34.412712282533214,-119.858631463833,66,False,1548529204
736f77b8-472f-45d5-aa00-714bf6dbb157,34.41293449441762,-119.85512626591154,98,False,1548532804
de2fb708-19f9-4361-88c3-0e9226890358,34.414039,-119.862227,62,False,1548532804
5dbeacf8-5d86-4f1d-a631-656fc541ab0b,34.415544064017986,-119.86165621960892,100,False,1548532804
5309bb7c-b6e9-4cb1-be87-301672b6dff0,34.41325,-119.861797,56,False,1548532804
8368926b-fbab-4cb6-a029-90dd635ab68a,34.41378125208212,-119.86135750259493,72,False,1548532804
706b5512-8122-4b0d-baae-f182af291049,34.40936333333333,-119.8592,80,False,1548532804
fd00099e-918d-43e4-abb9-73ed70c6685b,34.41357,-119.86106833333334,38,False,1548532804
e2f43b3f-3184-462a-9a64-77c9a0e88f16,34.41679833333333,-119.85825333333332,66,False,1548532804
1441faa8-776a-4f7e-aa09-763d2557f214,34.413315999999995,-119.86068200000001,61,False,1548532804
fe0753a6-0802-4111-b99e-a05b7e140fdd,34.4172809,-119.8568774,31,False,1548532804
7eded6a1-d915-4f58-b904-4897ccae2bdc,34.410221666666665,-119.8516,72,False,1548532804
7abf27d3-1d88-4de5-8af2-62b481e8e62f,34.409583000000005,-119.857029,89,False,1548532804
0e8abbb0-a7fa-44e2-b090-e8d76efe4960,34.4162365,-119.85538020000001,100,False,1548532804
cccc00c4-81d1-4200-9799-ff06b49a2c8d,34.41523963588701,-119.8624799308552,92,False,1548532804
ef97ba2f-066d-40b5-ad3f-356b82b610d3,34.41608,-119.85646833333334,44,False,1548532804
418bbfc8-8d9e-4c86-bc42-be6f0cd10dea,34.41276630389915,-119.85863464895624,66,False,1548532804
f974f401-d645-4529-b4ed-1f8574f86a95,34.413077523963906,-119.85215174976723,55,False,1548532804
95497536-67a3-424a-845f-c5de9cd1ad5f,34.41158333333333,-119.85714666666668,89,False,1548532804
a99a12d4-1944-47b8-802b-ab4f626adf5d,34.411585819221614,-119.85710276808528,64,False,1548532804
3fe49886-4a30-4b26-9bbf-ee6b2a5bb8a5,34.41456166666667,-119.85533166666669,85,False,1548532804
b7852468-0d44-41f3-8643-a067699f5b1b,34.411794,-119.85509499999999,62,False,1548532804
b0c4d4b7-6fd4-44aa-ac24-8f51f4a2c243,34.41308166666667,-119.85686499999998,93,False,1548532804
ac06da45-b6a8-48e0-8c30-cb02d68744fe,34.41190666666667,-119.85534666666666,96,False,1548532804
78cd96f5-727a-4d1c-8165-c48c86fdfae6,34.41238,-119.85430833333334,78,False,1548532804
0171d928-e791-457d-8453-d013d62983d0,34.41207928120569,-119.85541750688091,100,False,1548532804
ee85c6c9-8e8e-4218-b2c7-a287f31d7c65,34.41374229270444,-119.85621177602545,71,False,1548532804
e5782db5-965f-4cfc-851a-dfdf459e99e7,34.41249833333333,-119.85513333333334,88,False,1548532804
ff55cda8-22c9-45ad-a3c8-f3f58ca10765,34.416065,-119.85649833333332,17,False,1548532804
94e6dd01-ef46-4981-a1b4-01c9a8969afc,34.415941,-119.86223100000001,67,False,1548532804
5628c146-843e-4e47-8210-3ce583ad5f7a,34.416084999999995,-119.85646833333334,48,False,1548532804
68bf503b-949b-4cf4-bf98-0d1d26fff22a,34.411805570157625,-119.86311494383949,94,False,1548532804
b97e6672-6bd3-463a-9be7-7dc58b52420c,34.41428333333333,-119.86297666666664,80,False,1548532804
8388e7a7-a239-476c-9ab9-445a649315a0,34.41413868189021,-119.87290036721471,67,False,1548532804
025f6dff-ba82-4fa5-a922-3144adb60827,34.4098693,-119.86942749999999,67,False,1548532804
18d5b98d-95f9-47d0-b9c3-83d5e2332ec6,34.420658333333336,-119.86466166666666,53,False,1548532804
4d90c909-fe43-4876-a3e9-0de779b5efec,34.41754281524049,-119.86708075750606,87,False,1548532804
4f58107b-9d52-4dca-8ef4-fd99e66d4ae4,34.412841666666665,-119.86756166666667,71,False,1548532804
eca85842-1da0-4120-ba21-9f061e7febf6,34.412835,-119.86755333333332,92,False,1548532804
bd56588e-67cd-4ebd-823e-d02fe7db00fd,34.41285333333334,-119.86755333333332,92,False,1548532804
7e151de6-14f1-4a4e-aea3-40e1064ce931,34.41300443376825,-119.86750437889236,98,False,1548532804
e9515877-a3cf-4d5f-89b4-1218d190b32d,34.417275000000004,-119.86605833333331,100,False,1548532804
3c2b9f96-abaa-4b88-9762-f72a6ea49713,34.421657,-119.852824,100,False,1548532804
8713ce91-9619-41d3-b033-8fe40972fbfa,34.41467333333333,-119.86577666666666,64,False,1548532804
53ea41dc-1a88-4644-849e-ba104cbcbbca,34.41467356405632,-119.86575658444302,39,False,1548532804
5dcc4f6f-2f1d-43ce-a3fd-70207cfe3da6,34.412841666666665,-119.86753,94,False,1548532804
71d095ae-4daa-4532-bf61-5cc6531ecbde,34.41726333333334,-119.86280833333332,100,False,1548532804
88515a93-44a5-4037-a9f3-2155db1911fb,34.414359000000005,-119.864209,100,False,1548532804
c5e42730-81b5-45f0-bb67-45011945a8a3,34.414631666666665,-119.86575999999998,86,False,1548532804
148811fa-b29c-462e-abc3-42b8ccb18aa3,34.417222836086914,-119.86284395690994,100,False,1548532804
ae6de769-0325-47d3-8821-296aeebcb7e0,34.414443,-119.864286,100,False,1548532804
001f2b72-7d54-45ac-a7fb-a2f4f5c89472,34.41447,-119.86428000000001,100,False,1548532804
fe3e0702-ca77-43f7-a4da-74e2d25af56a,34.417258399999994,-119.86370430000001,77,False,1548532804
e6766a36-451c-4c51-b0c9-432072343c0e,34.41452,-119.86428833333332,100,False,1548532804
34d46a82-935e-4b18-b1d1-fef7f6bbf301,34.41252833333333,-119.84497833333334,71,False,1548532804
b5f70b97-3cc7-49b5-b745-0c12eb0e1a0e,34.41455833333334,-119.865715,65,False,1548532804
819830f8-314a-494d-ba1f-5c4ccf813981,34.41467333333333,-119.86573,62,False,1548532804
db93d303-8686-4efc-aa7f-819124c9ac12,34.41462666666666,-119.86575999999998,65,False,1548532804
0b2fca34-6e8c-4457-a010-861c95e619a7,34.41008,-119.86445666666664,87,False,1548532804
34d46a82-935e-4b18-b1d1-fef7f6bbf301,34.41252833333333,-119.84497833333334,71,False,1548536404
0171d928-e791-457d-8453-d013d62983d0,34.41207928120569,-119.85541750688091,100,False,1548536404
db93d303-8686-4efc-aa7f-819124c9ac12,34.41467333333333,-119.865715,65,False,1548536404
b5f70b97-3cc7-49b5-b745-0c12eb0e1a0e,34.41455833333334,-119.865715,65,False,1548536404
fe3e0702-ca77-43f7-a4da-74e2d25af56a,34.417258399999994,-119.86370430000001,77,False,1548536404
7ce0a1ee-2919-422c-bbbf-ddadd56fa98a,34.41727,-119.86276166666669,100,False,1548536404
001f2b72-7d54-45ac-a7fb-a2f4f5c89472,34.414501666666666,-119.86428000000001,100,False,1548536404
e6766a36-451c-4c51-b0c9-432072343c0e,34.41450833333333,-119.86425833333332,100,False,1548536404
71d095ae-4daa-4532-bf61-5cc6531ecbde,34.41726666666667,-119.86281666666667,99,False,1548536404
ae6de769-0325-47d3-8821-296aeebcb7e0,34.414390000000004,-119.864189,100,False,1548536404
ee85c6c9-8e8e-4218-b2c7-a287f31d7c65,34.41374229270444,-119.85621177602545,71,False,1548536404
88515a93-44a5-4037-a9f3-2155db1911fb,34.414558,-119.864327,100,False,1548536404
819830f8-314a-494d-ba1f-5c4ccf813981,34.41466833333333,-119.86574499999999,61,False,1548536404
025f6dff-ba82-4fa5-a922-3144adb60827,34.4098693,-119.86942749999999,67,False,1548536404
c5e42730-81b5-45f0-bb67-45011945a8a3,34.41465333333333,-119.86575999999998,85,False,1548536404
53ea41dc-1a88-4644-849e-ba104cbcbbca,34.41467356405632,-119.86575658444302,39,False,1548536404
8713ce91-9619-41d3-b033-8fe40972fbfa,34.41468,-119.86575999999998,63,False,1548536404
d7c11a7c-6909-433f-ad98-0664a276a295,34.41558,-119.8451,68,False,1548536404
702ec545-06fc-4aac-b848-c3dea5dec06a,34.409728333333334,-119.86633333333332,98,False,1548536404
7e151de6-14f1-4a4e-aea3-40e1064ce931,34.41300443376825,-119.86750437889236,98,False,1548536404
5dcc4f6f-2f1d-43ce-a3fd-70207cfe3da6,34.412841666666665,-119.86753,92,False,1548536404
bd56588e-67cd-4ebd-823e-d02fe7db00fd,34.41285000000001,-119.86753833333331,89,False,1548536404
a6576984-2172-4478-a1af-e52b95b005cb,34.41285000000001,-119.86754666666666,92,False,1548536404
eca85842-1da0-4120-ba21-9f061e7febf6,34.412865000000004,-119.86755333333332,87,False,1548536404
4f58107b-9d52-4dca-8ef4-fd99e66d4ae4,34.412841666666665,-119.86756166666667,71,False,1548536404
18d5b98d-95f9-47d0-b9c3-83d5e2332ec6,34.42068500000001,-119.86466166666666,51,False,1548536404
f6dc915b-8dcf-47b3-9bca-d2ca0fcc850b,34.41121666666666,-119.863685,84,False,1548536404
dec6d2b5-39c5-49b2-945f-e35b3245baf0,34.41465,-119.86575333333332,32,False,1548536404
d4e32814-e46a-4344-8671-a3a884f9bbc4,34.414253,-119.847248,82,False,1548536404
dd40425e-5f09-40b8-b29c-20b6a7350193,34.416682759678785,-119.86307760868996,100,False,1548536404
b97e6672-6bd3-463a-9be7-7dc58b52420c,34.41428333333333,-119.86297666666664,80,False,1548536404
8388e7a7-a239-476c-9ab9-445a649315a0,34.41413868189021,-119.87290036721471,67,False,1548536404
33a787f1-96c5-49f6-8369-d48963258cb0,34.410483,-119.85481399999999,38,False,1548536404
f974f401-d645-4529-b4ed-1f8574f86a95,34.413077523963906,-119.85215174976723,55,False,1548536404
418bbfc8-8d9e-4c86-bc42-be6f0cd10dea,34.41276630389915,-119.85863464895624,66,False,1548536404
0e8abbb0-a7fa-44e2-b090-e8d76efe4960,34.4162365,-119.85538020000001,100,False,1548536404
ff55cda8-22c9-45ad-a3c8-f3f58ca10765,34.416111666666666,-119.85646833333334,16,False,1548536404
5628c146-843e-4e47-8210-3ce583ad5f7a,34.416115000000005,-119.85648333333332,48,False,1548536404
ef97ba2f-066d-40b5-ad3f-356b82b610d3,34.416145,-119.85640666666669,44,False,1548536404
87a13223-f162-48e3-bbdc-2b240f0dbffe,34.41623333333334,-119.85665833333331,94,False,1548536404
6380c759-700d-41b6-a732-bdc0613d904b,34.41630755517109,-119.856439559848,81,False,1548536404
2aa4e1a1-8536-414d-84b1-994261898b7d,34.41723666666667,-119.85411833333336,81,False,1548536404
fccc97d4-fafe-4217-bffc-aefeb7797943,34.41108666666666,-119.85998500000001,54,False,1548536404
fe0753a6-0802-4111-b99e-a05b7e140fdd,34.4172809,-119.8568774,31,False,1548536404
7eded6a1-d915-4f58-b904-4897ccae2bdc,34.41016833333333,-119.85148666666667,71,False,1548536404
1441faa8-776a-4f7e-aa09-763d2557f214,34.413278999999996,-119.86069599999999,61,False,1548536404
e2f43b3f-3184-462a-9a64-77c9a0e88f16,34.41679833333333,-119.85829166666666,65,False,1548536404
d3f3db86-2a88-4268-8ae3-b109bba6f0d4,34.417534,-119.853812,58,False,1548536404
fd00099e-918d-43e4-abb9-73ed70c6685b,34.413601666666665,-119.86107666666666,37,False,1548536404
706b5512-8122-4b0d-baae-f182af291049,34.40940166666667,-119.85922166666666,79,False,1548536404
8368926b-fbab-4cb6-a029-90dd635ab68a,34.41378125208212,-119.86135750259493,72,False,1548536404
df408373-80ac-4a76-8d11-3aa081751c67,34.409884999999996,-119.86007666666669,91,False,1548536404
23e9f69a-153e-4992-b988-84c6a0acedb7,34.41429166666667,-119.86150333333332,43,False,1548536404
5309bb7c-b6e9-4cb1-be87-301672b6dff0,34.413222,-119.86181599999999,56,False,1548536404
5dbeacf8-5d86-4f1d-a631-656fc541ab0b,34.4156078,-119.86169280000001,100,False,1548536404
cccc00c4-81d1-4200-9799-ff06b49a2c8d,34.41523963588701,-119.8624799308552,92,False,1548536404
63905df7-5dd7-4310-962f-76b1197233f3,34.41244166666667,-119.84786166666666,75,False,1548536404
94e6dd01-ef46-4981-a1b4-01c9a8969afc,34.415949,-119.86221599999999,67,False,1548536404
68bf503b-949b-4cf4-bf98-0d1d26fff22a,34.411805570157625,-119.86311494383949,94,False,1548536404
67e21e43-8964-4f7c-9dc5-62503e7e4eb5,34.411454913238444,-119.85712389472859,64,False,1548536404
3fe49886-4a30-4b26-9bbf-ee6b2a5bb8a5,34.414570000000005,-119.855355,84,False,1548536404
73ec7d08-b424-4c19-9491-4d960a2053f6,34.413265,-119.85545333333332,79,False,1548536404
736f77b8-472f-45d5-aa00-714bf6dbb157,34.41293449441762,-119.85512626591154,98,False,1548536404
e5782db5-965f-4cfc-851a-dfdf459e99e7,34.41244166666667,-119.85514,87,False,1548536404
9c71f650-63da-42d4-a1a6-705524927664,34.41318166666667,-119.85641499999998,53,False,1548536404
ee85c6c9-8e8e-4218-b2c7-a287f31d7c65,34.41374229270444,-119.85621177602545,71,False,1548540004
fe3e0702-ca77-43f7-a4da-74e2d25af56a,34.417258399999994,-119.86370430000001,77,False,1548540004
001f2b72-7d54-45ac-a7fb-a2f4f5c89472,34.414475,-119.86428833333332,99,False,1548540004
e6766a36-451c-4c51-b0c9-432072343c0e,34.41452333333333,-119.86426499999999,99,False,1548540004
ae6de769-0325-47d3-8821-296aeebcb7e0,34.414544,-119.86416299999999,100,False,1548540004
dd40425e-5f09-40b8-b29c-20b6a7350193,34.4166260445811,-119.8630896304919,100,False,1548540004
88907fc0-8f7f-462b-bb23-8df465f5d3d9,34.41691166666667,-119.86244166666664,100,False,1548540004
d4e32814-e46a-4344-8671-a3a884f9bbc4,34.41425,-119.84727,83,False,1548540004
94e6dd01-ef46-4981-a1b4-01c9a8969afc,34.415987,-119.86223899999999,67,False,1548540004
b97e6672-6bd3-463a-9be7-7dc58b52420c,34.41428333333333,-119.86297666666664,80,False,1548540004
34d46a82-935e-4b18-b1d1-fef7f6bbf301,34.41252833333333,-119.84497833333334,69,False,1548540004
63905df7-5dd7-4310-962f-76b1197233f3,34.41241833333333,-119.84787833333333,75,False,1548540004
cccc00c4-81d1-4200-9799-ff06b49a2c8d,34.41523963588701,-119.8624799308552,92,False,1548540004
5dbeacf8-5d86-4f1d-a631-656fc541ab0b,34.414354003997914,-119.86268478456871,100,False,1548540004
7f033171-5b5d-421e-b710-063dbea49af5,34.412335,-119.84879333333336,68,False,1548540004
df408373-80ac-4a76-8d11-3aa081751c67,34.409779852965066,-119.8600621274702,89,False,1548540004
68bf503b-949b-4cf4-bf98-0d1d26fff22a,34.411805570157625,-119.86311494383949,94,False,1548540004
b5f70b97-3cc7-49b5-b745-0c12eb0e1a0e,34.41455833333334,-119.865715,65,False,1548540004
c5e42730-81b5-45f0-bb67-45011945a8a3,34.41464666666666,-119.86575999999998,84,False,1548540004
dec6d2b5-39c5-49b2-945f-e35b3245baf0,34.41463833333333,-119.86575999999998,31,False,1548540004
8388e7a7-a239-476c-9ab9-445a649315a0,34.41413868189021,-119.87290036721471,67,False,1548540004
025f6dff-ba82-4fa5-a922-3144adb60827,34.4098693,-119.86942749999999,67,False,1548540004
18d5b98d-95f9-47d0-b9c3-83d5e2332ec6,34.420658333333336,-119.86467,49,False,1548540004
c0425d6a-4595-4b15-b1aa-cae4fdde9173,34.41057,-119.86766100000001,45,False,1548540004
eca85842-1da0-4120-ba21-9f061e7febf6,34.41304333333333,-119.86773000000001,76,False,1548540004
bd56588e-67cd-4ebd-823e-d02fe7db00fd,34.41283,-119.86753833333331,86,False,1548540004
a6576984-2172-4478-a1af-e52b95b005cb,34.41282666666667,-119.86753,92,False,1548540004
db93d303-8686-4efc-aa7f-819124c9ac12,34.41468833333333,-119.86574499999999,64,False,1548540004
7e151de6-14f1-4a4e-aea3-40e1064ce931,34.41300443376825,-119.86750437889236,98,False,1548540004
5dcc4f6f-2f1d-43ce-a3fd-70207cfe3da6,34.412835,-119.86744666666668,89,False,1548540004
29f62fbb-21d0-468a-946e-bf37e82040c3,34.40982833333333,-119.86660833333332,37,False,1548540004
667b7fd0-d634-4200-9f9d-a3dac2898c33,34.41201333333333,-119.86637833333334,79,False,1548540004
819830f8-314a-494d-ba1f-5c4ccf813981,34.41468833333333,-119.86577666666666,61,False,1548540004
8713ce91-9619-41d3-b033-8fe40972fbfa,34.41468833333333,-119.86575999999998,63,False,1548540004
53ea41dc-1a88-4644-849e-ba104cbcbbca,34.41467356405632,-119.86575658444302,39,False,1548540004
8368926b-fbab-4cb6-a029-90dd635ab68a,34.41378125208212,-119.86135750259493,72,False,1548540004
4f58107b-9d52-4dca-8ef4-fd99e66d4ae4,34.412776666666666,-119.86747666666666,67,False,1548540004
6cdd3be1-f6ae-476d-8bf7-5b23530cb24b,34.41401666666666,-119.85546166666668,84,False,1548540004
736f77b8-472f-45d5-aa00-714bf6dbb157,34.41293449441762,-119.85512626591154,98,False,1548540004
d3f3db86-2a88-4268-8ae3-b109bba6f0d4,34.417608,-119.853871,58,False,1548540004
706b5512-8122-4b0d-baae-f182af291049,34.40934833333333,-119.85920666666668,79,False,1548540004
1441faa8-776a-4f7e-aa09-763d2557f214,34.413306,-119.860748,61,False,1548540004
e2f43b3f-3184-462a-9a64-77c9a0e88f16,34.41680833333333,-119.85826166666666,64,False,1548540004
fe0753a6-0802-4111-b99e-a05b7e140fdd,34.4172809,-119.8568774,31,False,1548540004
52555b11-05b5-4ad3-9d5a-3248fdd54b82,34.411095,-119.85998500000001,44,False,1548540004
9a2d6d0a-161b-4898-baa3-a145020edc32,34.40960666666667,-119.85664333333334,89,False,1548540004
f96dd368-46c8-476a-a619-d127b25b1506,34.413354,-119.859505,54,False,1548540004
13dd3364-ab67-4bd9-84fa-3686efb9d597,34.41120833333333,-119.85876499999999,42,False,1548540004
ef995a77-0cae-487d-8984-9823ebdb850b,34.417234,-119.854504,97,False,1548540004
87a13223-f162-48e3-bbdc-2b240f0dbffe,34.41623666666667,-119.85665166666668,93,False,1548540004
0e8abbb0-a7fa-44e2-b090-e8d76efe4960,34.4162365,-119.85538020000001,100,False,1548540004
5628c146-843e-4e47-8210-3ce583ad5f7a,34.416084999999995,-119.85655166666666,48,False,1548540004
ef97ba2f-066d-40b5-ad3f-356b82b610d3,34.41610333333333,-119.85646000000001,44,False,1548540004
f974f401-d645-4529-b4ed-1f8574f86a95,34.413077523963906,-119.85215174976723,55,False,1548540004
c44fa5ad-6883-447e-aa03-fe43347d3243,34.41121133513228,-119.85712800186113,64,False,1548540004
0171d928-e791-457d-8453-d013d62983d0,34.41207928120569,-119.85541750688091,100,False,1548540004
6380c759-700d-41b6-a732-bdc0613d904b,34.41630755517109,-119.856439559848,81,False,1548540004
b2c3136f-c0ee-493b-a8f6-b569eb07b373,34.413235,-119.85529333333334,49,False,1548540004
5dcc4f6f-2f1d-43ce-a3fd-70207cfe3da6,34.41280666666667,-119.86746999999998,88,False,1548543604
736f77b8-472f-45d5-aa00-714bf6dbb157,34.41293449441762,-119.85512626591154,98,False,1548543604
4f58107b-9d52-4dca-8ef4-fd99e66d4ae4,34.412796666666665,-119.86746166666666,65,False,1548543604
8713ce91-9619-41d3-b033-8fe40972fbfa,34.41467333333333,-119.86576833333332,62,False,1548543604
c5e42730-81b5-45f0-bb67-45011945a8a3,34.41464166666666,-119.86577666666666,84,False,1548543604
7e151de6-14f1-4a4e-aea3-40e1064ce931,34.41300443376825,-119.86750437889236,98,False,1548543604
2341a575-8ea9-4e60-b29a-382a0eefe113,34.411885,-119.866485,95,False,1548543604
bd56588e-67cd-4ebd-823e-d02fe7db00fd,34.41283833333333,-119.867515,83,False,1548543604
6c6b6ced-a0cd-4110-9b17-3b9e49529c8d,34.41763666666667,-119.84831166666666,63,False,1548543604
eca85842-1da0-4120-ba21-9f061e7febf6,34.41296833333333,-119.86776666666668,73,False,1548543604
18d5b98d-95f9-47d0-b9c3-83d5e2332ec6,34.42067,-119.86466166666666,48,False,1548543604
025f6dff-ba82-4fa5-a922-3144adb60827,34.4098693,-119.86942749999999,67,False,1548543604
8388e7a7-a239-476c-9ab9-445a649315a0,34.41413868189021,-119.87290036721471,67,False,1548543604
0ce46f1e-4229-4210-9ae3-4c6c73943e86,34.40775333333333,-119.87883833333332,18,False,1548543604
408e5d7e-a6e2-4593-8ce1-f83ca21727b2,34.407685,-119.878819,62,False,1548543604
2df4327c-ef7d-4f80-9d83-d0d052e6bc7a,34.40754333333334,-119.87883833333332,69,False,1548543604
53ea41dc-1a88-4644-849e-ba104cbcbbca,34.41467356405632,-119.86575658444302,39,False,1548543604
a6576984-2172-4478-a1af-e52b95b005cb,34.412835,-119.86753833333331,91,False,1548543604
819830f8-314a-494d-ba1f-5c4ccf813981,34.41465333333333,-119.86575333333332,60,False,1548543604
dec6d2b5-39c5-49b2-945f-e35b3245baf0,34.41465833333333,-119.86574499999999,29,False,1548543604
db93d303-8686-4efc-aa7f-819124c9ac12,34.41462333333333,-119.86573833333333,63,False,1548543604
fe0753a6-0802-4111-b99e-a05b7e140fdd,34.4172809,-119.8568774,31,False,1548543604
722059a1-3165-46b6-add2-b48caebe2c09,34.40889666666667,-119.85394999999998,88,False,1548543604
e2f43b3f-3184-462a-9a64-77c9a0e88f16,34.41678666666667,-119.85827666666668,64,False,1548543604
1441faa8-776a-4f7e-aa09-763d2557f214,34.413328,-119.860744,61,False,1548543604
d3f3db86-2a88-4268-8ae3-b109bba6f0d4,34.417546,-119.853867,58,False,1548543604
6721620b-c384-48aa-9205-ea4f0a56a1ee,34.40963333333333,-119.85149333333332,38,False,1548543604
706b5512-8122-4b0d-baae-f182af291049,34.40936666666666,-119.85926833333332,78,False,1548543604
e20f92f0-8ce6-446d-8f7f-032364c3bfe9,34.40987333333333,-119.864945,63,False,1548543604
8368926b-fbab-4cb6-a029-90dd635ab68a,34.41378125208212,-119.86135750259493,72,False,1548543604
d7ccca88-e350-4a36-b50e-514c05353bb2,34.41435521714185,-119.86260546475373,100,False,1548543604
cccc00c4-81d1-4200-9799-ff06b49a2c8d,34.41523963588701,-119.8624799308552,92,False,1548543604
94e6dd01-ef46-4981-a1b4-01c9a8969afc,34.415877,-119.862228,67,False,1548543604
b97e6672-6bd3-463a-9be7-7dc58b52420c,34.41428333333333,-119.86297666666664,80,False,1548543604
68bf503b-949b-4cf4-bf98-0d1d26fff22a,34.411805570157625,-119.86311494383949,94,False,1548543604
dd40425e-5f09-40b8-b29c-20b6a7350193,34.4166260445811,-119.8630896304919,100,False,1548543604
ae6de769-0325-47d3-8821-296aeebcb7e0,34.414411,-119.864199,100,False,1548543604
7f033171-5b5d-421e-b710-063dbea49af5,34.412285,-119.84872500000002,67,False,1548543604
7a5f88a0-9764-4533-af49-22c1481c0e12,34.411295,-119.86461499999999,41,False,1548543604
9a2d6d0a-161b-4898-baa3-a145020edc32,34.40960666666667,-119.85666666666664,89,False,1548543604
f96dd368-46c8-476a-a619-d127b25b1506,34.413332000000004,-119.859457,54,False,1548543604
b5f70b97-3cc7-49b5-b745-0c12eb0e1a0e,34.41455833333334,-119.865715,65,False,1548543604
34d46a82-935e-4b18-b1d1-fef7f6bbf301,34.41252833333333,-119.84497833333334,69,False,1548543604
b3d36644-324a-410b-b8ec-10d7c1418584,34.41312833333333,-119.85582,20,False,1548543604
f974f401-d645-4529-b4ed-1f8574f86a95,34.413234,-119.85429009999999,55,False,1548543604
ee85c6c9-8e8e-4218-b2c7-a287f31d7c65,34.41374229270444,-119.85621177602545,71,False,1548543604
0171d928-e791-457d-8453-d013d62983d0,34.41207928120569,-119.85541750688091,100,False,1548543604
37fff595-2972-41e0-bbb5-aaf49fa43d03,34.412634999999995,-119.857125,81,False,1548543604
13dd3364-ab67-4bd9-84fa-3686efb9d597,34.41120833333333,-119.85876499999999,42,False,1548543604
c01b6df4-47ee-4ee4-bc57-2e91df0602d7,34.41232,-119.85717,69,False,1548543604
f5412ac9-3db3-4ffd-b2c2-ba67aa78919e,34.41283007603043,-119.85864444932848,66,False,1548543604
33fe9c54-60e1-492a-95f8-668c1df43932,34.41253666666667,-119.85209666666668,22,False,1548543604
5628c146-843e-4e47-8210-3ce583ad5f7a,34.41606833333333,-119.85649833333332,48,False,1548543604
0e8abbb0-a7fa-44e2-b090-e8d76efe4960,34.4162365,-119.85538020000001,100,False,1548543604
ef97ba2f-066d-40b5-ad3f-356b82b610d3,34.41612666666666,-119.856475,43,False,1548543604
6380c759-700d-41b6-a732-bdc0613d904b,34.41630755517109,-119.856439559848,81,False,1548543604
87a13223-f162-48e3-bbdc-2b240f0dbffe,34.41626333333333,-119.85665833333331,92,False,1548543604
c44fa5ad-6883-447e-aa03-fe43347d3243,34.41121133513228,-119.85712800186113,64,False,1548543604
52555b11-05b5-4ad3-9d5a-3248fdd54b82,34.41108333333333,-119.85999333333332,43,False,1548543604
fe3e0702-ca77-43f7-a4da-74e2d25af56a,34.417258399999994,-119.86370430000001,77,False,1548543604
35f449bb-6e18-41b9-985b-19208e51387f,34.41328833333333,-119.85543833333334,83,False,1548543604
4f58107b-9d52-4dca-8ef4-fd99e66d4ae4,34.41167833333333,-119.86798833333332,53,False,1548547204
b5f70b97-3cc7-49b5-b745-0c12eb0e1a0e,34.41455833333334,-119.865715,65,False,1548547204
34d46a82-935e-4b18-b1d1-fef7f6bbf301,34.41252833333333,-119.84497833333334,68,False,1548547204
7a5f88a0-9764-4533-af49-22c1481c0e12,34.411314000000004,-119.86464299999999,41,False,1548547204
dd40425e-5f09-40b8-b29c-20b6a7350193,34.4166260445811,-119.8630896304919,100,False,1548547204
d7ccca88-e350-4a36-b50e-514c05353bb2,34.4158599,-119.8625524,100,False,1548547204
68bf503b-949b-4cf4-bf98-0d1d26fff22a,34.411805570157625,-119.86311494383949,94,False,1548547204
b97e6672-6bd3-463a-9be7-7dc58b52420c,34.41428333333333,-119.86297666666664,80,False,1548547204
94e6dd01-ef46-4981-a1b4-01c9a8969afc,34.415878,-119.86228,67,False,1548547204
2a5b19ab-d309-45c2-a0c4-115085adc4cf,34.41283,-119.86267833333336,59,False,1548547204
7f033171-5b5d-421e-b710-063dbea49af5,34.41230333333333,-119.84873166666668,66,False,1548547204
8368926b-fbab-4cb6-a029-90dd635ab68a,34.41378125208212,-119.86135750259493,72,False,1548547204
706b5512-8122-4b0d-baae-f182af291049,34.40934,-119.85926,77,False,1548547204
01b83263-3bb8-433e-ac0a-182f5b85da57,34.40994333333333,-119.859825,48,False,1548547204
6721620b-c384-48aa-9205-ea4f0a56a1ee,34.409636666666664,-119.85148666666667,37,False,1548547204
9d1710d4-edfa-4858-a3ea-224b5e29fe5b,34.415295,-119.86046666666668,56,False,1548547204
db93d303-8686-4efc-aa7f-819124c9ac12,34.41463833333333,-119.86573833333333,63,False,1548547204
dec6d2b5-39c5-49b2-945f-e35b3245baf0,34.41466166666667,-119.86574499999999,29,False,1548547204
53ea41dc-1a88-4644-849e-ba104cbcbbca,34.41467356405632,-119.86575658444302,39,False,1548547204
c5e42730-81b5-45f0-bb67-45011945a8a3,34.41465833333333,-119.86575999999998,83,False,1548547204
8388e7a7-a239-476c-9ab9-445a649315a0,34.41413868189021,-119.87290036721471,67,False,1548547204
861e2dab-f786-4158-865f-366cd60ee042,34.409411666666664,-119.86958999999999,62,False,1548547204
bb60988c-8770-40cd-82e0-4a80901ef36c,34.409387,-119.86956200000002,75,False,1548547204
025f6dff-ba82-4fa5-a922-3144adb60827,34.4098693,-119.86942749999999,67,False,1548547204
b2f7d566-eee7-4384-b347-738bd65696a5,34.418681,-119.86821499999999,99,False,1548547204
18d5b98d-95f9-47d0-b9c3-83d5e2332ec6,34.420715,-119.864685,47,False,1548547204
fab339a4-2fe7-433c-bca4-f73d20223c71,34.41184666666666,-119.86796499999998,67,False,1548547204
d3f3db86-2a88-4268-8ae3-b109bba6f0d4,34.417539,-119.85381000000001,58,False,1548547204
5dcc4f6f-2f1d-43ce-a3fd-70207cfe3da6,34.41285000000001,-119.86799666666666,77,False,1548547204
721de191-4f67-4c7d-a518-41f11bbb1ecc,34.412755600000004,-119.86797490000001,68,False,1548547204
bd56588e-67cd-4ebd-823e-d02fe7db00fd,34.412868333333336,-119.86765333333332,66,False,1548547204
eca85842-1da0-4120-ba21-9f061e7febf6,34.41285666666667,-119.867585,47,False,1548547204
7caa58d6-56eb-4e7f-874f-50da7fdcbc70,34.41701833333333,-119.86663,99,False,1548547204
7e151de6-14f1-4a4e-aea3-40e1064ce931,34.41300443376825,-119.86750437889236,98,False,1548547204
8713ce91-9619-41d3-b033-8fe40972fbfa,34.41468833333333,-119.86577666666666,61,False,1548547204
819830f8-314a-494d-ba1f-5c4ccf813981,34.414665,-119.86577666666666,59,False,1548547204
dfe72f1f-6c33-4cd4-b95c-7588ac121c8a,34.41757166666666,-119.86676833333334,26,False,1548547204
3abf9bbf-f6d1-4cfe-ab8c-035def3a097b,34.413354462044694,-119.8498476484044,98,False,1548547204
cccc00c4-81d1-4200-9799-ff06b49a2c8d,34.41523963588701,-119.8624799308552,92,False,1548547204
02ceef7d-c1d5-42df-b687-6feef510d9a1,34.41308166666667,-119.85856666666665,100,False,1548547204
1441faa8-776a-4f7e-aa09-763d2557f214,34.413261999999996,-119.860803,61,False,1548547204
ee85c6c9-8e8e-4218-b2c7-a287f31d7c65,34.41374229270444,-119.85621177602545,71,False,1548547204
0171d928-e791-457d-8453-d013d62983d0,34.41207928120569,-119.85541750688091,100,False,1548547204
53212ec3-0037-4954-a109-f6b2939ba8b1,34.411365,-119.857125,59,False,1548547204
c44fa5ad-6883-447e-aa03-fe43347d3243,34.411198910539305,-119.85721597649359,64,False,1548547204
4489ccf9-6a53-46a9-bde3-b2d9b807d736,34.41311209120996,-119.85855775877322,99,False,1548547204
ca6f26c7-c566-452f-a887-aec67fd7182d,34.41314666666666,-119.85862,100,False,1548547204
d1990a38-eaf7-41ed-a6aa-6aedffcb3109,34.41288985978772,-119.85862875455516,66,False,1548547204
33fe9c54-60e1-492a-95f8-668c1df43932,34.412551666666666,-119.85208166666668,21,False,1548547204
ef97ba2f-066d-40b5-ad3f-356b82b610d3,34.416084999999995,-119.85649166666666,43,False,1548547204
5628c146-843e-4e47-8210-3ce583ad5f7a,34.4161,-119.85648333333332,48,False,1548547204
f974f401-d645-4529-b4ed-1f8574f86a95,34.41349793068706,-119.85191188213577,42,False,1548547204
87a13223-f162-48e3-bbdc-2b240f0dbffe,34.41627166666667,-119.85665833333331,91,False,1548547204
722059a1-3165-46b6-add2-b48caebe2c09,34.408901666666665,-119.85394333333332,87,False,1548547204
fe0753a6-0802-4111-b99e-a05b7e140fdd,34.4172809,-119.8568774,31,False,1548547204
275041c6-5362-4ba1-8369-9c75d8c840f1,34.416878000000004,-119.85715900000001,88,False,1548547204
9a2d6d0a-161b-4898-baa3-a145020edc32,34.40963333333333,-119.85662833333332,88,False,1548547204
0e8abbb0-a7fa-44e2-b090-e8d76efe4960,34.4162365,-119.85538020000001,100,False,1548547204
bee9df6f-3f5f-4c44-8240-768f9c04b1dd,34.413975,-119.85952833333334,58,False,1548547204
6380c759-700d-41b6-a732-bdc0613d904b,34.4166432426604,-119.85571488978636,79,False,1548547204
9a388db3-77e7-40fe-8630-be2bb856fa3c,34.409698,-119.854775,64,False,1548547204
13dd3364-ab67-4bd9-84fa-3686efb9d597,34.41120833333333,-119.85876499999999,42,False,1548547204
f96dd368-46c8-476a-a619-d127b25b1506,34.413315999999995,-119.85945900000002,54,False,1548547204
275041c6-5362-4ba1-8369-9c75d8c840f1,34.416899,-119.85718600000001,88,False,1548550804
3abf9bbf-f6d1-4cfe-ab8c-035def3a097b,34.413354462044694,-119.8498476484044,98,False,1548550804
fe0753a6-0802-4111-b99e-a05b7e140fdd,34.4172809,-119.8568774,31,False,1548550804
722059a1-3165-46b6-add2-b48caebe2c09,34.40889666666667,-119.85392833333331,86,False,1548550804
1441faa8-776a-4f7e-aa09-763d2557f214,34.413278999999996,-119.86076299999999,61,False,1548550804
8ff2b4a1-4a37-464e-8324-1bb560bdc65b,34.41048,-119.85946666666663,38,False,1548550804
6721620b-c384-48aa-9205-ea4f0a56a1ee,34.40963333333333,-119.85146333333331,36,False,1548550804
6380c759-700d-41b6-a732-bdc0613d904b,34.4166432426604,-119.85571488978636,79,False,1548550804
8368926b-fbab-4cb6-a029-90dd635ab68a,34.41378125208212,-119.86135750259493,72,False,1548550804
90f65909-d8d5-4bcd-b21a-7fee8f6d021b,34.41750666666667,-119.85842166666669,81,False,1548550804
fe1ec46c-605c-4ae7-9f0b-8d156dfc1aab,34.415345,-119.86149666666668,59,False,1548550804
cccc00c4-81d1-4200-9799-ff06b49a2c8d,34.41523963588701,-119.8624799308552,92,False,1548550804
c44fa5ad-6883-447e-aa03-fe43347d3243,34.411198910539305,-119.85721597649359,64,False,1548550804
facab2db-5fe2-4146-b4a6-1a4b1039c0ff,34.41090833333333,-119.85576666666664,54,False,1548550804
706b5512-8122-4b0d-baae-f182af291049,34.40931333333333,-119.85922166666666,77,False,1548550804
02ceef7d-c1d5-42df-b687-6feef510d9a1,34.413059999999994,-119.858535,100,False,1548550804
13dd3364-ab67-4bd9-84fa-3686efb9d597,34.41120833333333,-119.85876499999999,42,False,1548550804
17e7a0fb-2922-4409-9b2d-55fb156cc938,34.413107489267745,-119.85855468559996,94,False,1548550804
c4f8cdd9-ff5c-4821-9744-579402dbd32b,34.41285045820699,-119.85857413161531,66,False,1548550804
ca6f26c7-c566-452f-a887-aec67fd7182d,34.41338666666666,-119.85862,100,False,1548550804
07230074-e7fe-4846-aea0-bb9156b534a6,34.41122833333333,-119.85779499999998,42,False,1548550804
33fe9c54-60e1-492a-95f8-668c1df43932,34.41251333333333,-119.85206666666666,19,False,1548550804
f974f401-d645-4529-b4ed-1f8574f86a95,34.41349793068706,-119.85191188213577,42,False,1548550804
ef97ba2f-066d-40b5-ad3f-356b82b610d3,34.416065,-119.85649166666666,43,False,1548550804
5628c146-843e-4e47-8210-3ce583ad5f7a,34.416084999999995,-119.85648333333332,47,False,1548550804
0e8abbb0-a7fa-44e2-b090-e8d76efe4960,34.4162365,-119.85538020000001,100,False,1548550804
87a13223-f162-48e3-bbdc-2b240f0dbffe,34.41626,-119.85666666666664,89,False,1548550804
f96dd368-46c8-476a-a619-d127b25b1506,34.413309999999996,-119.85948,54,False,1548550804
e8a83ad6-b20b-487d-b61a-fb38131ff8db,34.416506,-119.855549,61,False,1548550804
0e8914f8-5f26-49d6-9fe4-dc1723a2c95c,34.40935833333333,-119.85706333333334,56,False,1548550804
0171d928-e791-457d-8453-d013d62983d0,34.41207928120569,-119.85541750688091,100,False,1548550804
2fd8b589-71eb-4eea-a4a2-3b05dc99d59f,34.41294166666667,-119.85224166666669,51,False,1548550804
ee85c6c9-8e8e-4218-b2c7-a287f31d7c65,34.41374229270444,-119.85621177602545,71,False,1548550804
94e6dd01-ef46-4981-a1b4-01c9a8969afc,34.415888,-119.86223400000002,67,False,1548550804
b97e6672-6bd3-463a-9be7-7dc58b52420c,34.41428333333333,-119.86297666666664,80,False,1548550804
68bf503b-949b-4cf4-bf98-0d1d26fff22a,34.411805570157625,-119.86311494383949,94,False,1548550804
d7ccca88-e350-4a36-b50e-514c05353bb2,34.4158599,-119.8625524,100,False,1548550804
dd40425e-5f09-40b8-b29c-20b6a7350193,34.4166260445811,-119.8630896304919,100,False,1548550804
7a5f88a0-9764-4533-af49-22c1481c0e12,34.411252000000005,-119.864699,41,False,1548550804
1fb503ee-612c-474d-a682-bc73f9c11dd0,34.41263166666667,-119.86531833333332,95,False,1548550804
737283c1-be0a-45da-9e02-5beab689b8e3,34.412620000000004,-119.86533333333334,98,False,1548550804
77937b5d-5b54-42ea-aca1-d24e80519836,34.41264,-119.86534833333332,99,False,1548550804
e807fccf-63d2-47aa-9f5d-f130bafbe451,34.41341333333333,-119.86575333333332,74,False,1548550804
34d46a82-935e-4b18-b1d1-fef7f6bbf301,34.41252833333333,-119.84497833333334,68,False,1548550804
b5f70b97-3cc7-49b5-b745-0c12eb0e1a0e,34.41455833333334,-119.865715,65,False,1548550804
c5e42730-81b5-45f0-bb67-45011945a8a3,34.41464666666666,-119.86575333333332,82,False,1548550804
53ea41dc-1a88-4644-849e-ba104cbcbbca,34.41467356405632,-119.86575658444302,39,False,1548550804
db93d303-8686-4efc-aa7f-819124c9ac12,34.414631666666665,-119.86578333333334,62,False,1548550804
8713ce91-9619-41d3-b033-8fe40972fbfa,34.414685,-119.86577666666666,60,False,1548550804
819830f8-314a-494d-ba1f-5c4ccf813981,34.41465833333333,-119.86576833333332,59,False,1548550804
dfe72f1f-6c33-4cd4-b95c-7588ac121c8a,34.41725188031398,-119.86535779770568,28,False,1548550804
659ffdc8-b59e-4d43-8112-32a66549eed2,34.416266666666665,-119.866615,99,False,1548550804
7e151de6-14f1-4a4e-aea3-40e1064ce931,34.41300443376825,-119.86750437889236,98,False,1548550804
eca85842-1da0-4120-ba21-9f061e7febf6,34.41283833333333,-119.86756833333332,46,False,1548550804
4f58107b-9d52-4dca-8ef4-fd99e66d4ae4,34.41289833333334,-119.86763833333336,51,False,1548550804
363bb6df-d95d-432b-8fa0-f6814d8628c2,34.40951166666667,-119.86506666666668,59,False,1548550804
bd56588e-67cd-4ebd-823e-d02fe7db00fd,34.412845000000004,-119.86765333333332,64,False,1548550804
721de191-4f67-4c7d-a518-41f11bbb1ecc,34.412806998039045,-119.86799329530433,68,False,1548550804
fab339a4-2fe7-433c-bca4-f73d20223c71,34.41281833333333,-119.867645,67,False,1548550804
025f6dff-ba82-4fa5-a922-3144adb60827,34.4098693,-119.86942749999999,67,False,1548550804
bb60988c-8770-40cd-82e0-4a80901ef36c,34.409384,-119.86956200000002,75,False,1548550804
b2f7d566-eee7-4384-b347-738bd65696a5,34.418377,-119.86888799999998,98,False,1548550804
8388e7a7-a239-476c-9ab9-445a649315a0,34.41413868189021,-119.87290036721471,67,False,1548550804
ad104c4a-dd09-46aa-a861-718ccaf188e1,34.4109,-119.876755,38,False,1548550804
18d5b98d-95f9-47d0-b9c3-83d5e2332ec6,34.42068833333334,-119.86467,46,False,1548550804
c1806d86-d0e0-4ae7-9cc3-2cf727a6a53d,34.41156333333333,-119.855285,41,False,1548554404
161291a5-916a-4681-b3d9-40c382ca9173,34.409740000000006,-119.86560833333333,17,False,1548554404
363bb6df-d95d-432b-8fa0-f6814d8628c2,34.40949666666667,-119.86506666666668,58,False,1548554404
db93d303-8686-4efc-aa7f-819124c9ac12,34.41466166666667,-119.86579166666668,61,False,1548554404
0171d928-e791-457d-8453-d013d62983d0,34.41207928120569,-119.85541750688091,100,False,1548554404
5e622fe0-ffa1-4165-b1f9-cf5f1a8a4b1e,34.41166760403142,-119.85528708446758,83,False,1548554404
8713ce91-9619-41d3-b033-8fe40972fbfa,34.41466166666667,-119.86578333333334,60,False,1548554404
53ea41dc-1a88-4644-849e-ba104cbcbbca,34.41467356405632,-119.86575658444302,39,False,1548554404
ca6f26c7-c566-452f-a887-aec67fd7182d,34.413075000000006,-119.85859666666666,100,False,1548554404
cccc00c4-81d1-4200-9799-ff06b49a2c8d,34.41523963588701,-119.8624799308552,92,False,1548554404
94e6dd01-ef46-4981-a1b4-01c9a8969afc,34.415943,-119.86223400000002,67,False,1548554404
b97e6672-6bd3-463a-9be7-7dc58b52420c,34.41428333333333,-119.86297666666664,80,False,1548554404
68bf503b-949b-4cf4-bf98-0d1d26fff22a,34.411805570157625,-119.86311494383949,94,False,1548554404
d7ccca88-e350-4a36-b50e-514c05353bb2,34.4158599,-119.8625524,100,False,1548554404
3ea701c9-0f5a-4092-b0eb-1f4564a82c9a,34.41663912035005,-119.86302299436169,100,False,1548554404
736c6d68-a883-4f73-9345-7598259d0a51,34.40995,-119.84652666666668,26,False,1548554404
1fb503ee-612c-474d-a682-bc73f9c11dd0,34.412634999999995,-119.86531833333332,94,False,1548554404
737283c1-be0a-45da-9e02-5beab689b8e3,34.412620000000004,-119.86533333333334,97,False,1548554404
77937b5d-5b54-42ea-aca1-d24e80519836,34.41262500000001,-119.86534166666668,98,False,1548554404
34d46a82-935e-4b18-b1d1-fef7f6bbf301,34.41252833333333,-119.84497833333334,67,False,1548554404
b5f70b97-3cc7-49b5-b745-0c12eb0e1a0e,34.41455833333334,-119.865715,65,False,1548554404
c5e42730-81b5-45f0-bb67-45011945a8a3,34.41464166666666,-119.86575333333332,82,False,1548554404
c9db0525-c478-43ef-9624-c1088adfb730,34.414635,-119.86575999999998,21,False,1548554404
819830f8-314a-494d-ba1f-5c4ccf813981,34.41467333333333,-119.86575333333332,58,False,1548554404
4841f78b-dcae-4ef0-862f-dbd4b81474df,34.418341945888855,-119.85873330395657,58,False,1548554404
00c1fea9-7567-40ae-b502-dd5bdb054dc2,34.41355833333333,-119.86216,64,False,1548554404
fe1ec46c-605c-4ae7-9f0b-8d156dfc1aab,34.415345,-119.86149666666668,59,False,1548554404
90f65909-d8d5-4bcd-b21a-7fee8f6d021b,34.417548333333336,-119.85843666666666,81,False,1548554404
5810fe03-f23a-4a81-9e1e-c6c7e0b06cf9,34.41249006977176,-119.85864791802572,66,False,1548554404
ef97ba2f-066d-40b5-ad3f-356b82b610d3,34.41606833333333,-119.856475,43,False,1548554404
5628c146-843e-4e47-8210-3ce583ad5f7a,34.41607666666666,-119.85648333333332,47,False,1548554404
0e8abbb0-a7fa-44e2-b090-e8d76efe4960,34.4162365,-119.85538020000001,100,False,1548554404
f974f401-d645-4529-b4ed-1f8574f86a95,34.41309024557221,-119.851497161322,41,False,1548554404
87a13223-f162-48e3-bbdc-2b240f0dbffe,34.41621833333333,-119.85665166666668,88,False,1548554404
f96dd368-46c8-476a-a619-d127b25b1506,34.413306,-119.859451,54,False,1548554404
02ceef7d-c1d5-42df-b687-6feef510d9a1,34.413066666666666,-119.85858166666668,100,False,1548554404
13dd3364-ab67-4bd9-84fa-3686efb9d597,34.41120833333333,-119.85876499999999,42,False,1548554404
3abf9bbf-f6d1-4cfe-ab8c-035def3a097b,34.413107070172586,-119.85067443933323,98,False,1548554404
d974743c-4e0a-4f24-a2a9-31e1465ea228,34.41706833333333,-119.85349333333332,35,False,1548554404
1441faa8-776a-4f7e-aa09-763d2557f214,34.413436,-119.860579,61,False,1548554404
fe0753a6-0802-4111-b99e-a05b7e140fdd,34.4172809,-119.8568774,31,False,1548554404
6721620b-c384-48aa-9205-ea4f0a56a1ee,34.409645000000005,-119.85146333333331,35,False,1548554404
706b5512-8122-4b0d-baae-f182af291049,34.40934,-119.85921499999999,76,False,1548554404
8368926b-fbab-4cb6-a029-90dd635ab68a,34.41378125208212,-119.86135750259493,72,False,1548554404
6380c759-700d-41b6-a732-bdc0613d904b,34.4166432426604,-119.85571488978636,79,False,1548554404
dd3f7d27-2697-4299-b3b3-bb92966be421,34.41106833333333,-119.85533833333332,37,False,1548554404
ee85c6c9-8e8e-4218-b2c7-a287f31d7c65,34.41374229270444,-119.85621177602545,71,False,1548554404
5e778430-34f3-45c0-958f-1a21cc77b92e,34.411609999999996,-119.86691333333334,49,False,1548554404
bd56588e-67cd-4ebd-823e-d02fe7db00fd,34.41475333333334,-119.86641666666668,59,False,1548554404
8388e7a7-a239-476c-9ab9-445a649315a0,34.41413868189021,-119.87290036721471,67,False,1548554404
025f6dff-ba82-4fa5-a922-3144adb60827,34.4098693,-119.86942749999999,67,False,1548554404
b2f7d566-eee7-4384-b347-738bd65696a5,34.418605,-119.868255,98,False,1548554404
18d5b98d-95f9-47d0-b9c3-83d5e2332ec6,34.420611666666666,-119.86466166666666,45,False,1548554404
23950d56-cabb-49b2-94c8-a04c3176e52e,34.417604,-119.86679099999999,73,False,1548554404
721de191-4f67-4c7d-a518-41f11bbb1ecc,34.412806998039045,-119.86799329530433,68,False,1548554404
ad104c4a-dd09-46aa-a861-718ccaf188e1,34.410896666666666,-119.87676166666668,38,False,1548554404
403e5a6c-dbe8-45f6-be22-dddb49196d04,34.417594,-119.86672,68,False,1548554404
fab339a4-2fe7-433c-bca4-f73d20223c71,34.412841666666665,-119.86765333333332,66,False,1548554404
4f58107b-9d52-4dca-8ef4-fd99e66d4ae4,34.412895000000006,-119.86765333333332,49,False,1548554404
eca85842-1da0-4120-ba21-9f061e7febf6,34.412823333333336,-119.86754666666666,44,False,1548554404
7e151de6-14f1-4a4e-aea3-40e1064ce931,34.41300443376825,-119.86750437889236,98,False,1548554404
d274b1b7-be91-4f67-9398-25372898d7cb,34.417548333333336,-119.86678333333332,26,False,1548554404
659ffdc8-b59e-4d43-8112-32a66549eed2,34.41627500000001,-119.86665333333332,99,False,1548554404
d974743c-4e0a-4f24-a2a9-31e1465ea228,34.417065,-119.85350833333332,34,False,1548558004
1441faa8-776a-4f7e-aa09-763d2557f214,34.413349,-119.86063899999999,61,False,1548558004
fe0753a6-0802-4111-b99e-a05b7e140fdd,34.4172809,-119.8568774,31,False,1548558004
6721620b-c384-48aa-9205-ea4f0a56a1ee,34.409659999999995,-119.85149333333332,34,False,1548558004
706b5512-8122-4b0d-baae-f182af291049,34.40942333333333,-119.85926,75,False,1548558004
00c1fea9-7567-40ae-b502-dd5bdb054dc2,34.41348666666667,-119.86241833333334,64,False,1548558004
fe1ec46c-605c-4ae7-9f0b-8d156dfc1aab,34.415345,-119.86149666666668,59,False,1548558004
4841f78b-dcae-4ef0-862f-dbd4b81474df,34.418354,-119.858792,59,False,1548558004
373c3569-9b7d-4830-a201-e71d61429b83,34.41750666666667,-119.860405,80,False,1548558004
cccc00c4-81d1-4200-9799-ff06b49a2c8d,34.41523963588701,-119.8624799308552,92,False,1548558004
ea7d0096-73b0-4ef1-a5b2-731b6ec74610,34.416529999999995,-119.858185,44,False,1548558004
8368926b-fbab-4cb6-a029-90dd635ab68a,34.41378125208212,-119.86135750259493,72,False,1548558004
3abf9bbf-f6d1-4cfe-ab8c-035def3a097b,34.4130036,-119.85093870000001,98,False,1548558004
ef97ba2f-066d-40b5-ad3f-356b82b610d3,34.41608,-119.85644499999998,42,False,1548558004
f96dd368-46c8-476a-a619-d127b25b1506,34.413312,-119.859544,54,False,1548558004
13dd3364-ab67-4bd9-84fa-3686efb9d597,34.41120833333333,-119.85876499999999,42,False,1548558004
87a13223-f162-48e3-bbdc-2b240f0dbffe,34.41626333333333,-119.85665166666668,87,False,1548558004
f974f401-d645-4529-b4ed-1f8574f86a95,34.41309024557221,-119.851497161322,41,False,1548558004
0e8abbb0-a7fa-44e2-b090-e8d76efe4960,34.4162365,-119.85538020000001,100,False,1548558004
5628c146-843e-4e47-8210-3ce583ad5f7a,34.41608,-119.856475,47,False,1548558004
94e6dd01-ef46-4981-a1b4-01c9a8969afc,34.415881,-119.862261,67,False,1548558004
5810fe03-f23a-4a81-9e1e-c6c7e0b06cf9,34.41249006977176,-119.85864791802572,66,False,1548558004
ca6f26c7-c566-452f-a887-aec67fd7182d,34.412975,-119.85865833333334,100,False,1548558004
02ceef7d-c1d5-42df-b687-6feef510d9a1,34.413155,-119.85862,100,False,1548558004
01f8c695-a869-49d6-981b-17ed1d17d16f,34.410777547708214,-119.85633429713013,64,False,1548558004
dd3f7d27-2697-4299-b3b3-bb92966be421,34.41115166666667,-119.855355,36,False,1548558004
c1806d86-d0e0-4ae7-9cc3-2cf727a6a53d,34.41158333333333,-119.85488166666669,41,False,1548558004
6380c759-700d-41b6-a732-bdc0613d904b,34.4166432426604,-119.85571488978636,79,False,1548558004
b97e6672-6bd3-463a-9be7-7dc58b52420c,34.41428333333333,-119.86297666666664,80,False,1548558004
736c6d68-a883-4f73-9345-7598259d0a51,34.41002666666667,-119.84658,25,False,1548558004
d7ccca88-e350-4a36-b50e-514c05353bb2,34.4158599,-119.8625524,100,False,1548558004
025f6dff-ba82-4fa5-a922-3144adb60827,34.4098693,-119.86942749999999,67,False,1548558004
18d5b98d-95f9-47d0-b9c3-83d5e2332ec6,34.420700000000004,-119.86470833333333,43,False,1548558004
721de191-4f67-4c7d-a518-41f11bbb1ecc,34.412806998039045,-119.86799329530433,68,False,1548558004
fab339a4-2fe7-433c-bca4-f73d20223c71,34.41285000000001,-119.867645,66,False,1548558004
4f58107b-9d52-4dca-8ef4-fd99e66d4ae4,34.412915000000005,-119.86763,48,False,1548558004
eca85842-1da0-4120-ba21-9f061e7febf6,34.412823333333336,-119.86756833333332,43,False,1548558004
7267d8cb-8f4d-46a2-8049-be47324298d8,34.41716833333333,-119.86647,27,False,1548558004
7e151de6-14f1-4a4e-aea3-40e1064ce931,34.41300443376825,-119.86750437889236,98,False,1548558004
659ffdc8-b59e-4d43-8112-32a66549eed2,34.416286666666664,-119.86666166666667,99,False,1548558004
128eb8b9-03de-444b-8aab-9a1f84eae092,34.41943333333334,-119.86360166666668,27,False,1548558004
bd56588e-67cd-4ebd-823e-d02fe7db00fd,34.41473833333334,-119.86644666666668,58,False,1548558004
8713ce91-9619-41d3-b033-8fe40972fbfa,34.41468833333333,-119.86576833333332,59,False,1548558004
c9db0525-c478-43ef-9624-c1088adfb730,34.41464666666666,-119.86576833333332,20,False,1548558004
68bf503b-949b-4cf4-bf98-0d1d26fff22a,34.411805570157625,-119.86311494383949,94,False,1548558004
819830f8-314a-494d-ba1f-5c4ccf813981,34.414676666666665,-119.86575999999998,57,False,1548558004
c5e42730-81b5-45f0-bb67-45011945a8a3,34.41464666666666,-119.86575333333332,81,False,1548558004
db93d303-8686-4efc-aa7f-819124c9ac12,34.414715,-119.86573,61,False,1548558004
b5f70b97-3cc7-49b5-b745-0c12eb0e1a0e,34.41455833333334,-119.865715,65,False,1548558004
34d46a82-935e-4b18-b1d1-fef7f6bbf301,34.41252833333333,-119.84497833333334,66,False,1548558004
77937b5d-5b54-42ea-aca1-d24e80519836,34.41264,-119.86534166666668,96,False,1548558004
737283c1-be0a-45da-9e02-5beab689b8e3,34.41262833333334,-119.86533333333334,96,False,1548558004
1fb503ee-612c-474d-a682-bc73f9c11dd0,34.41264,-119.86532666666666,93,False,1548558004
715d298b-d69c-4682-af7e-832801ef9093,34.41188833333333,-119.86486833333332,39,False,1548558004
c4b92751-89e3-4470-aa8e-eb31822a9bc0,34.414051666666666,-119.85652166666664,65,False,1548558004
3ea701c9-0f5a-4092-b0eb-1f4564a82c9a,34.41663912035005,-119.86302299436169,100,False,1548558004
ca1852a5-56c7-48c7-aaf5-0d29801afaf8,34.419548,-119.85759399999999,75,False,1548558004
43632bda-a8ab-43d9-abb7-d8d150d7cf3b,34.411446999999995,-119.86316000000001,38,False,1548558004
10a568fc-e298-48eb-8e85-db18fc4a2a8c,34.415787,-119.862628,56,False,1548558004
53ea41dc-1a88-4644-849e-ba104cbcbbca,34.41467356405632,-119.86575658444302,39,False,1548558004
0171d928-e791-457d-8453-d013d62983d0,34.41207928120569,-119.85541750688091,100,False,1548558004
8388e7a7-a239-476c-9ab9-445a649315a0,34.41413868189021,-119.87290036721471,67,False,1548558004
ee85c6c9-8e8e-4218-b2c7-a287f31d7c65,34.41374229270444,-119.85621177602545,71,False,1548558004
8653e885-a4b3-40bd-bc94-a332323efd77,34.41054166666667,-119.87694499999999,35,False,1548558004
ca1852a5-56c7-48c7-aaf5-0d29801afaf8,34.419595,-119.85748899999999,89,False,1548561604
43632bda-a8ab-43d9-abb7-d8d150d7cf3b,34.411468,-119.863354,38,False,1548561604
bd0a63f6-91ff-4794-8052-4588d632c3c2,34.41118666666667,-119.86380833333332,59,False,1548561604
3ea701c9-0f5a-4092-b0eb-1f4564a82c9a,34.41663912035005,-119.86302299436169,100,False,1548561604
715d298b-d69c-4682-af7e-832801ef9093,34.41191833333333,-119.86489166666668,38,False,1548561604
1fb503ee-612c-474d-a682-bc73f9c11dd0,34.41264,-119.86531833333332,92,False,1548561604
77937b5d-5b54-42ea-aca1-d24e80519836,34.41265166666667,-119.86532666666666,95,False,1548561604
737283c1-be0a-45da-9e02-5beab689b8e3,34.41265833333333,-119.86533333333334,94,False,1548561604
34d46a82-935e-4b18-b1d1-fef7f6bbf301,34.41252833333333,-119.84497833333334,66,False,1548561604
b5f70b97-3cc7-49b5-b745-0c12eb0e1a0e,34.41455833333334,-119.865715,65,False,1548561604
c5e42730-81b5-45f0-bb67-45011945a8a3,34.41467333333333,-119.86574499999999,81,False,1548561604
db93d303-8686-4efc-aa7f-819124c9ac12,34.41468833333333,-119.86574499999999,60,False,1548561604
819830f8-314a-494d-ba1f-5c4ccf813981,34.414685,-119.86575333333332,57,False,1548561604
ee85c6c9-8e8e-4218-b2c7-a287f31d7c65,34.41374229270444,-119.85621177602545,71,False,1548561604
8713ce91-9619-41d3-b033-8fe40972fbfa,34.41468833333333,-119.86577666666666,58,False,1548561604
128eb8b9-03de-444b-8aab-9a1f84eae092,34.41943333333334,-119.86360166666668,25,False,1548561604
659ffdc8-b59e-4d43-8112-32a66549eed2,34.416286666666664,-119.86666166666667,98,False,1548561604
7267d8cb-8f4d-46a2-8049-be47324298d8,34.41718333333333,-119.86644,26,False,1548561604
7e151de6-14f1-4a4e-aea3-40e1064ce931,34.41300443376825,-119.86750437889236,98,False,1548561604
eca85842-1da0-4120-ba21-9f061e7febf6,34.412845000000004,-119.86756833333332,41,False,1548561604
fab339a4-2fe7-433c-bca4-f73d20223c71,34.41285333333334,-119.867645,65,False,1548561604
4f58107b-9d52-4dca-8ef4-fd99e66d4ae4,34.41293333333333,-119.86765333333332,47,False,1548561604
721de191-4f67-4c7d-a518-41f11bbb1ecc,34.412806998039045,-119.86799329530433,68,False,1548561604
18d5b98d-95f9-47d0-b9c3-83d5e2332ec6,34.42071166666666,-119.86467,42,False,1548561604
025f6dff-ba82-4fa5-a922-3144adb60827,34.4098693,-119.86942749999999,67,False,1548561604
8388e7a7-a239-476c-9ab9-445a649315a0,34.41413868189021,-119.87290036721471,67,False,1548561604
8653e885-a4b3-40bd-bc94-a332323efd77,34.41054833333333,-119.87694499999999,34,False,1548561604
e59e9c20-5204-4193-b958-d47851bc4e13,34.415857,-119.862646,57,False,1548561604
53ea41dc-1a88-4644-849e-ba104cbcbbca,34.41467356405632,-119.86575658444302,39,False,1548561604
d7ccca88-e350-4a36-b50e-514c05353bb2,34.4158599,-119.8625524,100,False,1548561604
b97e6672-6bd3-463a-9be7-7dc58b52420c,34.41428333333333,-119.86297666666664,80,False,1548561604
0171d928-e791-457d-8453-d013d62983d0,34.41207928120569,-119.85541750688091,100,False,1548561604
83f19864-79bb-4d9d-b021-6c6229a76ff4,34.41083951390759,-119.8560343311353,64,False,1548561604
24744e45-78b1-462d-aa98-5fd53beab485,34.41052666666667,-119.85485833333333,29,False,1548561604
02ceef7d-c1d5-42df-b687-6feef510d9a1,34.413108333333334,-119.85859666666666,100,False,1548561604
5810fe03-f23a-4a81-9e1e-c6c7e0b06cf9,34.41249006977176,-119.85864791802572,66,False,1548561604
5628c146-843e-4e47-8210-3ce583ad5f7a,34.4161,-119.856475,47,False,1548561604
0e8abbb0-a7fa-44e2-b090-e8d76efe4960,34.4162365,-119.85538020000001,100,False,1548561604
ef97ba2f-066d-40b5-ad3f-356b82b610d3,34.41612166666666,-119.856475,42,False,1548561604
f974f401-d645-4529-b4ed-1f8574f86a95,34.41309024557221,-119.851497161322,41,False,1548561604
f96dd368-46c8-476a-a619-d127b25b1506,34.413292,-119.85945500000001,54,False,1548561604
87a13223-f162-48e3-bbdc-2b240f0dbffe,34.41631,-119.85665833333331,86,False,1548561604
13dd3364-ab67-4bd9-84fa-3686efb9d597,34.41120833333333,-119.85876499999999,42,False,1548561604
6380c759-700d-41b6-a732-bdc0613d904b,34.4166432426604,-119.85571488978636,79,False,1548561604
3abf9bbf-f6d1-4cfe-ab8c-035def3a097b,34.4130036,-119.85093870000001,98,False,1548561604
6ecf2ad6-2a5f-4138-9b56-410a1ff1393c,34.4166,-119.85819166666668,34,False,1548561604
fe0753a6-0802-4111-b99e-a05b7e140fdd,34.4172809,-119.8568774,31,False,1548561604
1441faa8-776a-4f7e-aa09-763d2557f214,34.413352,-119.86071100000001,61,False,1548561604
706b5512-8122-4b0d-baae-f182af291049,34.409710000000004,-119.85938333333334,74,False,1548561604
8368926b-fbab-4cb6-a029-90dd635ab68a,34.41378125208212,-119.86135750259493,72,False,1548561604
26e1fd39-3c70-4777-b8f8-19ab3986e20b,34.41531,-119.86080166666667,43,False,1548561604
02581808-673d-417b-93df-1895644c2d3e,34.417524,-119.858535,45,False,1548561604
fe1ec46c-605c-4ae7-9f0b-8d156dfc1aab,34.415345,-119.86149666666668,59,False,1548561604
ad263edd-52a1-48df-9caf-8d917616e14a,34.41859833333333,-119.85365333333333,33,False,1548561604
00c1fea9-7567-40ae-b502-dd5bdb054dc2,34.41348333333334,-119.862365,63,False,1548561604
373c3569-9b7d-4830-a201-e71d61429b83,34.41756833333333,-119.86046666666668,79,False,1548561604
94e6dd01-ef46-4981-a1b4-01c9a8969afc,34.415907000000004,-119.862167,67,False,1548561604
ca6f26c7-c566-452f-a887-aec67fd7182d,34.412731666666666,-119.86303,100,False,1548561604
68bf503b-949b-4cf4-bf98-0d1d26fff22a,34.411805570157625,-119.86311494383949,94,False,1548561604
c7448ee6-bfa1-4a9e-8acf-7ae3a4073af8,34.41053833333333,-119.85360666666664,26,False,1548561604
